Protocollo;Gruppo;DataOraIncidente;Localizzazione1;STRADA1;Localizzazione2;STRADA2;Strada02;Chilometrica;DaSpecificare;NaturaIncidente;particolaritastrade;TipoStrada;FondoStradale;Pavimentazione;Segnaletica;CondizioneAtmosferica;Traffico;Visibilita;Illuminazione;NUM_FERITI;NUM_RISERVATA;NUM_MORTI;NUM_ILLESI;Longitudine;Latitudine;Confermato;Progressivo;TipoVeicolo;StatoVeicolo;TipoPersona;Sesso;Tipolesione;Deceduto;DecedutoDopo;CinturaCascoUtilizzato;Airbag
2052390;8;02/05/2014 09:35;Strada Urbana;VIA ORAZIO BORGIANNI;all'intersezione con;VIA BERNARDO MINOZZI;VIA BERNARDO MINOZZI;;;Scontro frontale/laterale DX fra veicoli in marcia;Incrocio;Una carreggiata a doppio senso;Asciutto;Asfaltata;Verticale;Nuvoloso;Scarso;Buona;Ore Diurne;2;0;0;2;12.6279;41.8697;-1;1;Autovettura privata;In marcia / fermata / arresto;Passeggero;F;Rifiuta cure immediate;0;NON DECEDUTO;Non accertato;Inesploso
2052390;8;02/05/2014 09:35;Strada Urbana;VIA ORAZIO BORGIANNI;all'intersezione con;VIA BERNARDO MINOZZI;VIA BERNARDO MINOZZI;;;Scontro frontale/laterale DX fra veicoli in marcia;Incrocio;Una carreggiata a doppio senso;Asciutto;Asfaltata;Verticale;Nuvoloso;Scarso;Buona;Ore Diurne;2;0;0;2;12.6279;41.8697;-1;2;Autocarro inferiore 35 q.;In marcia / fermata / arresto;Conducente;M;Illeso;0;;Non accertato;Inesploso
2052392;8;02/05/2014 10:50;Strada Urbana;VIA MARCO EMILIO SCAURO;in corrispondenza;;del civico n.;48;;Investimento di pedone;Rettilineo;Una carreggiata a doppio senso;Bagnato (umidità in atto);Asfaltata;Verticale ed orizzontale;Nuvoloso;Normale;Buona;Ore Diurne;1;0;0;1;12.57491;41.87071;-1;;;;Pedone;F;Rimandato;0;NON DECEDUTO;;
2052392;8;02/05/2014 10:50;Strada Urbana;VIA MARCO EMILIO SCAURO;in corrispondenza;;del civico n.;48;;Investimento di pedone;Rettilineo;Una carreggiata a doppio senso;Bagnato (umidità in atto);Asfaltata;Verticale ed orizzontale;Nuvoloso;Normale;Buona;Ore Diurne;1;0;0;1;12.57491;41.87071;-1;1;Autovettura privata;In marcia / fermata / arresto;Conducente;M;Illeso;0;;Non accertato;Inesploso
2052395;8;02/05/2014 13:00;Statale entro l'abitato;VIA CASILINA;da specificare;;;;all'altezza di via del PONTE DELLA CATENA;Scontro laterale fra veicoli in marcia;Rettilineo;Una carreggiata a doppio senso;Bagnato (pioggia);Asfaltata;Verticale ed orizzontale;Pioggia in atto;Normale;Sufficiente;Ore Diurne;1;0;0;1;12.6556;41.86434;-1;1;Autovettura privata;In marcia / fermata / arresto;Conducente;M;Illeso;0;;Non accertato;Esploso
2052395;8;02/05/2014 13:00;Statale entro l'abitato;VIA CASILINA;da specificare;;;;all'altezza di via del PONTE DELLA CATENA;Scontro laterale fra veicoli in marcia;Rettilineo;Una carreggiata a doppio senso;Bagnato (pioggia);Asfaltata;Verticale ed orizzontale;Pioggia in atto;Normale;Sufficiente;Ore Diurne;1;0;0;1;12.6556;41.86434;-1;2;Autovettura privata;In marcia / fermata / arresto;Conducente;M;Rifiuta cure immediate;0;NON DECEDUTO;Non accertato;Esploso
2052397;11;02/05/2014 12:00;Strada Urbana;VIA OSTIENSE;in corrispondenza;;del civico n.;137;;Tamponamento Multiplo;Rettilineo;Più di due carreggiate;Bagnato (pioggia);Asfaltata;Verticale ed orizzontale;Nuvoloso;Normale;Buona;Ore Diurne;0;0;0;5;12.47904;41.86426;-1;1;Autocarro inferiore 35 q.;In marcia / fermata / arresto;Conducente;M;Illeso;0;;Non accertato;Inesploso
2052397;11;02/05/2014 12:00;Strada Urbana;VIA OSTIENSE;in corrispondenza;;del civico n.;137;;Tamponamento Multiplo;Rettilineo;Più di due carreggiate;Bagnato (pioggia);Asfaltata;Verticale ed orizzontale;Nuvoloso;Normale;Buona;Ore Diurne;0;0;0;5;12.47904;41.86426;-1;2;Autovettura privata;In marcia / fermata / arresto;Conducente;F;Illeso;0;;Non accertato;Inesploso
2052397;11;02/05/2014 12:00;Strada Urbana;VIA OSTIENSE;in corrispondenza;;del civico n.;137;;Tamponamento Multiplo;Rettilineo;Più di due carreggiate;Bagnato (pioggia);Asfaltata;Verticale ed orizzontale;Nuvoloso;Normale;Buona;Ore Diurne;0;0;0;5;12.47904;41.86426;-1;2;Autovettura privata;In marcia / fermata / arresto;Passeggero;F;Illeso;0;;Non accertato;Inesistente
2052397;11;02/05/2014 12:00;Strada Urbana;VIA OSTIENSE;in corrispondenza;;del civico n.;137;;Tamponamento Multiplo;Rettilineo;Più di due carreggiate;Bagnato (pioggia);Asfaltata;Verticale ed orizzontale;Nuvoloso;Normale;Buona;Ore Diurne;0;0;0;5;12.47904;41.86426;-1;3;Autovettura privata;In marcia / fermata / arresto;Conducente;M;Illeso;0;;Non accertato;Inesploso
2052397;11;02/05/2014 12:00;Strada Urbana;VIA OSTIENSE;in corrispondenza;;del civico n.;137;;Tamponamento Multiplo;Rettilineo;Più di due carreggiate;Bagnato (pioggia);Asfaltata;Verticale ed orizzontale;Nuvoloso;Normale;Buona;Ore Diurne;0;0;0;5;12.47904;41.86426;-1;4;Autovettura privata;In marcia / fermata / arresto;Conducente;M;Illeso;0;;Non accertato;Inesploso
2052398;8;02/05/2014 13:45;Strada Urbana;VIALE FRANCESCO CALTAGIRONE;in prossimità;;del palo luce n.;9;;Fuoriuscita dalla sede stradale;Curva a visuale libera;Due carreggiate;Bagnato (pioggia);Asfaltata;Verticale ed orizzontale;Pioggia in atto;Normale;Buona;Ore Diurne;0;0;0;1;12.65395;41.91044;-1;1;Autovettura privata;In marcia / fermata / arresto;Conducente;F;Illeso;0;;Non accertato;Inesploso
2052403;8;02/05/2014 16:15;Autostrada;CIRCONVALLAZIONE ORIENTALE;da specificare;;;;G.R.A.carreggiata interna-complanare uscita T.B.M.;Scontro laterale fra veicoli in marcia;Rettilineo;Due carreggiate;Asciutto;Asfaltata;Verticale ed orizzontale;Nuvoloso;Normale;Buona;Ore Diurne;0;0;0;3;12.6151;41.88943;-1;1;Autovettura privata;In marcia / fermata / arresto;Conducente;F;Illeso;0;;Non accertato;Inesploso
2052403;8;02/05/2014 16:15;Autostrada;CIRCONVALLAZIONE ORIENTALE;da specificare;;;;G.R.A.carreggiata interna-complanare uscita T.B.M.;Scontro laterale fra veicoli in marcia;Rettilineo;Due carreggiate;Asciutto;Asfaltata;Verticale ed orizzontale;Nuvoloso;Normale;Buona;Ore Diurne;0;0;0;3;12.6151;41.88943;-1;2;Autovettura privata;In marcia / fermata / arresto;Conducente;F;Illeso;0;;Non accertato;Inesploso
2052403;8;02/05/2014 16:15;Autostrada;CIRCONVALLAZIONE ORIENTALE;da specificare;;;;G.R.A.carreggiata interna-complanare uscita T.B.M.;Scontro laterale fra veicoli in marcia;Rettilineo;Due carreggiate;Asciutto;Asfaltata;Verticale ed orizzontale;Nuvoloso;Normale;Buona;Ore Diurne;0;0;0;3;12.6151;41.88943;-1;2;Autovettura privata;In marcia / fermata / arresto;Passeggero;M;Illeso;0;;Non accertato;Inesploso
2052404;7;02/05/2014 12:00;Strada Urbana;VIA MOLFETTA;in prossimità;;del palo luce n.;37;;Scontro frontale fra veicoli in marcia;Curva senza visuale libera;Una carreggiata a doppio senso;Bagnato (pioggia);Asfaltata;Verticale;Pioggia in atto;Normale;Sufficiente;Ore Diurne;1;0;0;2;12.58011;41.88985;-1;1;Autovettura privata;In marcia / fermata / arresto;Conducente;F;Illeso;0;;Non accertato;Esploso
2052404;7;02/05/2014 12:00;Strada Urbana;VIA MOLFETTA;in prossimità;;del palo luce n.;37;;Scontro frontale fra veicoli in marcia;Curva senza visuale libera;Una carreggiata a doppio senso;Bagnato (pioggia);Asfaltata;Verticale;Pioggia in atto;Normale;Sufficiente;Ore Diurne;1;0;0;2;12.58011;41.88985;-1;2;Autocarro inferiore 35 q.;In marcia / fermata / arresto;Conducente;M;Illeso;0;;Non accertato;Inesploso
2052404;7;02/05/2014 12:00;Strada Urbana;VIA MOLFETTA;in prossimità;;del palo luce n.;37;;Scontro frontale fra veicoli in marcia;Curva senza visuale libera;Una carreggiata a doppio senso;Bagnato (pioggia);Asfaltata;Verticale;Pioggia in atto;Normale;Sufficiente;Ore Diurne;1;0;0;2;12.58011;41.88985;-1;2;Autocarro inferiore 35 q.;In marcia / fermata / arresto;Passeggero;M;Rimandato;0;NON DECEDUTO;Non accertato;Inesploso
2052405;8;02/05/2014 21:20;Strada Urbana;VIA DEL FOSSO DELL'OSA;da specificare;;;;sottocavalcavia A24 direzione Prenestina;Fuoriuscita dalla sede stradale;Curva a visuale libera;Una carreggiata a doppio senso;Bagnato (pioggia);Asfaltata;Verticale ed orizzontale;Pioggia in atto;Scarso;Sufficiente;Insufficiente;0;0;0;2;12.67539;41.92101;-1;1;Autovettura privata;In marcia / fermata / arresto;Conducente;M;Illeso;0;;Non accertato;Inesploso
2052405;8;02/05/2014 21:20;Strada Urbana;VIA DEL FOSSO DELL'OSA;da specificare;;;;sottocavalcavia A24 direzione Prenestina;Fuoriuscita dalla sede stradale;Curva a visuale libera;Una carreggiata a doppio senso;Bagnato (pioggia);Asfaltata;Verticale ed orizzontale;Pioggia in atto;Scarso;Sufficiente;Insufficiente;0;0;0;2;12.67539;41.92101;-1;1;Autovettura privata;In marcia / fermata / arresto;Passeggero;F;Illeso;0;;Non accertato;Inesploso
2052407;8;03/05/2014 00:15;Strada Urbana;VIA DELLE ACACIE;all'intersezione con;LARGO FRANCESCO ARDISSONE;LARGO FRANCESCO ARDISSONE;;;Scontro frontale/laterale SX fra veicoli in marcia;Incrocio;Una carreggiata a senso unico di marcia;Bagnato (pioggia);Asfaltata;Verticale ed orizzontale;Pioggia in atto;Scarso;Sufficiente;Ore Diurne;0;0;0;2;12.57236;41.88901;-1;1;Autovettura privata;In marcia / fermata / arresto;Conducente;M;Illeso;0;;Non accertato;Inesploso
2052407;8;03/05/2014 00:15;Strada Urbana;VIA DELLE ACACIE;all'intersezione con;LARGO FRANCESCO ARDISSONE;LARGO FRANCESCO ARDISSONE;;;Scontro frontale/laterale SX fra veicoli in marcia;Incrocio;Una carreggiata a senso unico di marcia;Bagnato (pioggia);Asfaltata;Verticale ed orizzontale;Pioggia in atto;Scarso;Sufficiente;Ore Diurne;0;0;0;2;12.57236;41.88901;-1;2;Autovettura privata;In marcia / fermata / arresto;Conducente;M;Illeso;0;;Non accertato;Inesploso
2052409;8;03/05/2014 03:13;Provinciale entro l'abitato;VIA TIBURTINA;in prossimità;;della chilometrica;12.9;;Scontro frontale fra veicoli in marcia;Rettilineo;Due carreggiate;Asciutto;Asfaltata;Temporanea di cantiere;Sereno;Scarso;Sufficiente;Sufficiente;0;0;0;3;12.57299;41.92507;-1;1;Autovettura di polizia;In marcia / fermata / arresto;Conducente;M;Illeso;0;;Non accertato;Inesploso
2052409;8;03/05/2014 03:13;Provinciale entro l'abitato;VIA TIBURTINA;in prossimità;;della chilometrica;12.9;;Scontro frontale fra veicoli in marcia;Rettilineo;Due carreggiate;Asciutto;Asfaltata;Temporanea di cantiere;Sereno;Scarso;Sufficiente;Sufficiente;0;0;0;3;12.57299;41.92507;-1;1;Autovettura di polizia;In marcia / fermata / arresto;Passeggero;M;Illeso;0;;Non accertato;Inesploso
2052409;8;03/05/2014 03:13;Provinciale entro l'abitato;VIA TIBURTINA;in prossimità;;della chilometrica;12.9;;Scontro frontale fra veicoli in marcia;Rettilineo;Due carreggiate;Asciutto;Asfaltata;Temporanea di cantiere;Sereno;Scarso;Sufficiente;Sufficiente;0;0;0;3;12.57299;41.92507;-1;2;Autovettura privata;In marcia / fermata / arresto;Conducente;M;Illeso;0;;Non accertato;Inesploso
2052412;2;01/05/2014 04:10;Strada Urbana;SOTTOVIA IGNAZIO GUIDI;da specificare;;;;ALTEZZA  P.LE BRASILE ;Veicolo in marcia contro ostacolo fisso;Sottopasso illuminato;Due carreggiate;Asciutto;Asfaltata;Orizzontale;Sereno;Scarso;Buona;Sufficiente;3;0;0;0;12.48901;41.9096;-1;1;Autovettura privata;In marcia / fermata / arresto;Conducente;M;Ricoverato;0;NON DECEDUTO;;
2052412;2;01/05/2014 04:10;Strada Urbana;SOTTOVIA IGNAZIO GUIDI;da specificare;;;;ALTEZZA  P.LE BRASILE ;Veicolo in marcia contro ostacolo fisso;Sottopasso illuminato;Due carreggiate;Asciutto;Asfaltata;Orizzontale;Sereno;Scarso;Buona;Sufficiente;3;0;0;0;12.48901;41.9096;-1;1;Autovettura privata;In marcia / fermata / arresto;Passeggero;F;Ricoverato;0;NON DECEDUTO;Non accertato;
2052412;2;01/05/2014 04:10;Strada Urbana;SOTTOVIA IGNAZIO GUIDI;da specificare;;;;ALTEZZA  P.LE BRASILE ;Veicolo in marcia contro ostacolo fisso;Sottopasso illuminato;Due carreggiate;Asciutto;Asfaltata;Orizzontale;Sereno;Scarso;Buona;Sufficiente;3;0;0;0;12.48901;41.9096;-1;1;Autovettura privata;In marcia / fermata / arresto;Passeggero;F;Rimandato;0;NON DECEDUTO;Non accertato;
2052413;7;02/05/2014 13:40;Strada Urbana;VIALE PALMIRO TOGLIATTI;in prossimità;;del civico n.;447;;Tamponamento;Rettilineo;Due carreggiate;Bagnato (pioggia);Asfaltata;Orizzontale;Pioggia in atto;Normale;Buona;Ore Diurne;0;0;0;5;12.56787;41.86666;-1;1;Autovettura privata;In marcia / fermata / arresto;Conducente;F;Illeso;0;;Non accertato;
2052413;7;02/05/2014 13:40;Strada Urbana;VIALE PALMIRO TOGLIATTI;in prossimità;;del civico n.;447;;Tamponamento;Rettilineo;Due carreggiate;Bagnato (pioggia);Asfaltata;Orizzontale;Pioggia in atto;Normale;Buona;Ore Diurne;0;0;0;5;12.56787;41.86666;-1;1;Autovettura privata;In marcia / fermata / arresto;Passeggero;M;Illeso;0;;Non accertato;Inesploso
2052413;7;02/05/2014 13:40;Strada Urbana;VIALE PALMIRO TOGLIATTI;in prossimità;;del civico n.;447;;Tamponamento;Rettilineo;Due carreggiate;Bagnato (pioggia);Asfaltata;Orizzontale;Pioggia in atto;Normale;Buona;Ore Diurne;0;0;0;5;12.56787;41.86666;-1;1;Autovettura privata;In marcia / fermata / arresto;Passeggero;M;Illeso;0;;;
2052413;7;02/05/2014 13:40;Strada Urbana;VIALE PALMIRO TOGLIATTI;in prossimità;;del civico n.;447;;Tamponamento;Rettilineo;Due carreggiate;Bagnato (pioggia);Asfaltata;Orizzontale;Pioggia in atto;Normale;Buona;Ore Diurne;0;0;0;5;12.56787;41.86666;-1;2;Autoveicolo trasp.promisc.;In marcia / fermata / arresto;Conducente;M;Illeso;0;;;
2052413;7;02/05/2014 13:40;Strada Urbana;VIALE PALMIRO TOGLIATTI;in prossimità;;del civico n.;447;;Tamponamento;Rettilineo;Due carreggiate;Bagnato (pioggia);Asfaltata;Orizzontale;Pioggia in atto;Normale;Buona;Ore Diurne;0;0;0;5;12.56787;41.86666;-1;2;Autoveicolo trasp.promisc.;In marcia / fermata / arresto;Passeggero;F;Illeso;0;;;
2052428;7;02/05/2014 14:15;Strada Urbana;VIA VIRGILIO GUIDI;in prossimità;;del palo luce n.;9;;Scontro frontale fra veicoli in marcia;Curva senza visuale libera;Una carreggiata a doppio senso;Bagnato (pioggia);Asfaltata;Orizzontale;Nuvoloso;Normale;Buona;Ore Diurne;2;0;0;0;12.5986;41.90936;-1;1;Autovettura privata;In marcia / fermata / arresto;Conducente;F;Rimandato;0;NON DECEDUTO;;
2052428;7;02/05/2014 14:15;Strada Urbana;VIA VIRGILIO GUIDI;in prossimità;;del palo luce n.;9;;Scontro frontale fra veicoli in marcia;Curva senza visuale libera;Una carreggiata a doppio senso;Bagnato (pioggia);Asfaltata;Orizzontale;Nuvoloso;Normale;Buona;Ore Diurne;2;0;0;0;12.5986;41.90936;-1;2;Autovettura privata;In marcia / fermata / arresto;Conducente;F;Rimandato;0;NON DECEDUTO;Non accertato;Esploso
2052441;13;02/05/2014 09:40;Strada Urbana;VIA SONDALO;in corrispondenza;;del civico n.;20;;Scontro frontale/laterale SX fra veicoli in marcia;Rettilineo;Una carreggiata a doppio senso;Asciutto;Asfaltata;Assente;Nuvoloso;Scarso;Buona;Ore Diurne;0;0;0;2;12.37053;41.78574;-1;1;Autovettura privata;In marcia / fermata / arresto;Conducente;F;Illeso;0;;Non accertato;Inesploso
2052441;13;02/05/2014 09:40;Strada Urbana;VIA SONDALO;in corrispondenza;;del civico n.;20;;Scontro frontale/laterale SX fra veicoli in marcia;Rettilineo;Una carreggiata a doppio senso;Asciutto;Asfaltata;Assente;Nuvoloso;Scarso;Buona;Ore Diurne;0;0;0;2;12.37053;41.78574;-1;2;Autovettura privata;In marcia / fermata / arresto;Conducente;F;Illeso;0;;Non accertato;Inesploso
2052448;7;02/05/2014 17:30;Strada Urbana;VIA PRENESTINA;in corrispondenza;;del civico n.;580;;Scontro frontale/laterale SX fra veicoli in marcia;Rettilineo;Una carreggiata a doppio senso;Asciutto;Asfaltata;Orizzontale;Sereno;Normale;Buona;Ore Diurne;0;0;0;4;12.57875;41.89421;-1;1;Autovettura privata;In marcia / fermata / arresto;Conducente;F;Illeso;0;;Non accertato;
2052448;7;02/05/2014 17:30;Strada Urbana;VIA PRENESTINA;in corrispondenza;;del civico n.;580;;Scontro frontale/laterale SX fra veicoli in marcia;Rettilineo;Una carreggiata a doppio senso;Asciutto;Asfaltata;Orizzontale;Sereno;Normale;Buona;Ore Diurne;0;0;0;4;12.57875;41.89421;-1;2;Autovettura privata;In marcia / fermata / arresto;Conducente;M;Illeso;0;;Non accertato;
2052448;7;02/05/2014 17:30;Strada Urbana;VIA PRENESTINA;in corrispondenza;;del civico n.;580;;Scontro frontale/laterale SX fra veicoli in marcia;Rettilineo;Una carreggiata a doppio senso;Asciutto;Asfaltata;Orizzontale;Sereno;Normale;Buona;Ore Diurne;0;0;0;4;12.57875;41.89421;-1;2;Autovettura privata;In marcia / fermata / arresto;Passeggero;M;Illeso;0;;Non accertato;
2052448;7;02/05/2014 17:30;Strada Urbana;VIA PRENESTINA;in corrispondenza;;del civico n.;580;;Scontro frontale/laterale SX fra veicoli in marcia;Rettilineo;Una carreggiata a doppio senso;Asciutto;Asfaltata;Orizzontale;Sereno;Normale;Buona;Ore Diurne;0;0;0;4;12.57875;41.89421;-1;2;Autovettura privata;In marcia / fermata / arresto;Passeggero;M;Illeso;0;;Non accertato;
2052449;13;02/05/2014 12:15;Strada Urbana;VIALE DELLE REPUBBLICHE MARINARE;in prossimità;;del civico n.;112;;Tamponamento;Rettilineo;Due carreggiate;Asciutto;Asfaltata;Assente;Nuvoloso;Normale;Buona;Ore Diurne;0;0;0;3;12.26828;41.73521;-1;1;Autovettura privata;In marcia / fermata / arresto;Conducente;M;Illeso;0;;Non accertato;Inesploso
2052449;13;02/05/2014 12:15;Strada Urbana;VIALE DELLE REPUBBLICHE MARINARE;in prossimità;;del civico n.;112;;Tamponamento;Rettilineo;Due carreggiate;Asciutto;Asfaltata;Assente;Nuvoloso;Normale;Buona;Ore Diurne;0;0;0;3;12.26828;41.73521;-1;1;Autovettura privata;In marcia / fermata / arresto;Passeggero;F;Illeso;0;;Non accertato;Inesploso
2052449;13;02/05/2014 12:15;Strada Urbana;VIALE DELLE REPUBBLICHE MARINARE;in prossimità;;del civico n.;112;;Tamponamento;Rettilineo;Due carreggiate;Asciutto;Asfaltata;Assente;Nuvoloso;Normale;Buona;Ore Diurne;0;0;0;3;12.26828;41.73521;-1;2;Autovettura privata;In marcia / fermata / arresto;Conducente;M;Illeso;0;;Non accertato;Inesistente
2052475;13;02/05/2014 11:30;Strada Urbana;VIA ERMANNO WOLF FERRARI;in corrispondenza;;del civico n.;336;;Scontro frontale/laterale DX fra veicoli in marcia;Rettilineo;Una carreggiata a doppio senso;Bagnato (pioggia);Asfaltata;Orizzontale;Nuvoloso;Intenso;Buona;Ore Diurne;2;0;0;1;12.3732723;41.7523227;-1;1;Autovettura privata;In marcia / fermata / arresto;Conducente;M;Rimandato;0;NON DECEDUTO;;
2052475;13;02/05/2014 11:30;Strada Urbana;VIA ERMANNO WOLF FERRARI;in corrispondenza;;del civico n.;336;;Scontro frontale/laterale DX fra veicoli in marcia;Rettilineo;Una carreggiata a doppio senso;Bagnato (pioggia);Asfaltata;Orizzontale;Nuvoloso;Intenso;Buona;Ore Diurne;2;0;0;1;12.3732723;41.7523227;-1;1;Autovettura privata;In marcia / fermata / arresto;Passeggero;F;Rimandato;0;NON DECEDUTO;;
2052475;13;02/05/2014 11:30;Strada Urbana;VIA ERMANNO WOLF FERRARI;in corrispondenza;;del civico n.;336;;Scontro frontale/laterale DX fra veicoli in marcia;Rettilineo;Una carreggiata a doppio senso;Bagnato (pioggia);Asfaltata;Orizzontale;Nuvoloso;Intenso;Buona;Ore Diurne;2;0;0;1;12.3732723;41.7523227;-1;2;Autovettura privata;In marcia / fermata / arresto;Conducente;M;Illeso;0;;;
2052477;6;02/05/2014 23:25;Strada Urbana;VIA COLLATINA;all'intersezione con;VIA PRENESTINA;VIA PRENESTINA;;;Scontro laterale fra veicoli in marcia;Incrocio;Più di due carreggiate;Bagnato (pioggia);Asfaltata;Verticale ed orizzontale;Pioggia in atto;Scarso;Buona;Sufficiente;1;0;0;2;12.56683;41.89579;-1;1;Autovettura privata;In marcia / fermata / arresto;Conducente;M;Rifiuta cure immediate;0;NON DECEDUTO;Non accertato;Inesploso
2052477;6;02/05/2014 23:25;Strada Urbana;VIA COLLATINA;all'intersezione con;VIA PRENESTINA;VIA PRENESTINA;;;Scontro laterale fra veicoli in marcia;Incrocio;Più di due carreggiate;Bagnato (pioggia);Asfaltata;Verticale ed orizzontale;Pioggia in atto;Scarso;Buona;Sufficiente;1;0;0;2;12.56683;41.89579;-1;1;Autovettura privata;In marcia / fermata / arresto;Passeggero;F;Illeso;0;;Non accertato;Inesploso
2052477;6;02/05/2014 23:25;Strada Urbana;VIA COLLATINA;all'intersezione con;VIA PRENESTINA;VIA PRENESTINA;;;Scontro laterale fra veicoli in marcia;Incrocio;Più di due carreggiate;Bagnato (pioggia);Asfaltata;Verticale ed orizzontale;Pioggia in atto;Scarso;Buona;Sufficiente;1;0;0;2;12.56683;41.89579;-1;2;Vettura tranviaria;In marcia / fermata / arresto;Conducente;M;Illeso;0;;Esente;
2052484;6;03/05/2014 02:40;Strada Urbana;VIA DELLE CAMPANULE;all'intersezione con;VIA DEGLI OLIVI;VIA DEGLI OLIVI;;;Scontro frontale/laterale SX fra veicoli in marcia;Incrocio;Una carreggiata a senso unico di marcia;Bagnato (pioggia);Asfaltata;Verticale ed orizzontale;Pioggia in atto;Scarso;Buona;Sufficiente;0;0;0;2;12.56781;41.88709;-1;1;Autovettura privata;In marcia / fermata / arresto;Conducente;M;Illeso;0;;Non accertato;Inesploso
2052484;6;03/05/2014 02:40;Strada Urbana;VIA DELLE CAMPANULE;all'intersezione con;VIA DEGLI OLIVI;VIA DEGLI OLIVI;;;Scontro frontale/laterale SX fra veicoli in marcia;Incrocio;Una carreggiata a senso unico di marcia;Bagnato (pioggia);Asfaltata;Verticale ed orizzontale;Pioggia in atto;Scarso;Buona;Sufficiente;0;0;0;2;12.56781;41.88709;-1;2;Autovettura privata;In marcia / fermata / arresto;Conducente;M;Illeso;0;;Non accertato;Inesploso
2052494;4;02/05/2014 17:45;Strada Urbana;VIA SUVERETO;da specificare;;;;in prossimità di Via Bagnone;Scontro frontale/laterale SX fra veicoli in marcia;Curva a visuale libera;Una carreggiata a doppio senso;Bagnato (umidità in atto);Asfaltata;Verticale ed orizzontale;Nuvoloso;Normale;Buona;Ore Diurne;1;0;0;1;12.51874;41.95478;-1;1;Motociclo a solo;In marcia / fermata / arresto;Conducente;F;Rifiuta cure immediate;0;NON DECEDUTO;Non accertato;
2052494;4;02/05/2014 17:45;Strada Urbana;VIA SUVERETO;da specificare;;;;in prossimità di Via Bagnone;Scontro frontale/laterale SX fra veicoli in marcia;Curva a visuale libera;Una carreggiata a doppio senso;Bagnato (umidità in atto);Asfaltata;Verticale ed orizzontale;Nuvoloso;Normale;Buona;Ore Diurne;1;0;0;1;12.51874;41.95478;-1;2;Autovettura privata;In marcia / fermata / arresto;Conducente;F;Illeso;0;;Non accertato;Inesistente
2052497;4;02/05/2014 13:05;Strada Urbana;VIA DEI PRATI FISCALI;all'intersezione con;VIA DI VILLA SPADA;VIA DI VILLA SPADA;;;Veicolo in marcia contro veicolo arresto;Incrocio;Due carreggiate;Bagnato (pioggia);Asfaltata;Verticale ed orizzontale;Pioggia in atto;Normale;Buona;Ore Diurne;1;0;0;2;12.5161;41.94608;-1;1;Autovettura privata;In marcia / fermata / arresto;Conducente;M;Illeso;0;;Non accertato;Inesploso
2052497;4;02/05/2014 13:05;Strada Urbana;VIA DEI PRATI FISCALI;all'intersezione con;VIA DI VILLA SPADA;VIA DI VILLA SPADA;;;Veicolo in marcia contro veicolo arresto;Incrocio;Due carreggiate;Bagnato (pioggia);Asfaltata;Verticale ed orizzontale;Pioggia in atto;Normale;Buona;Ore Diurne;1;0;0;2;12.5161;41.94608;-1;1;Autovettura privata;In marcia / fermata / arresto;Passeggero;M;Illeso;0;;Non accertato;Inesistente
2052497;4;02/05/2014 13:05;Strada Urbana;VIA DEI PRATI FISCALI;all'intersezione con;VIA DI VILLA SPADA;VIA DI VILLA SPADA;;;Veicolo in marcia contro veicolo arresto;Incrocio;Due carreggiate;Bagnato (pioggia);Asfaltata;Verticale ed orizzontale;Pioggia in atto;Normale;Buona;Ore Diurne;1;0;0;2;12.5161;41.94608;-1;2;Motociclo a solo;In marcia / fermata / arresto;Conducente;M;Rimandato;0;NON DECEDUTO;Non accertato;
2052500;4;02/05/2014 13:45;Statale entro l'abitato;VIA SALARIA;in prossimità;;della chilometrica;18;;Scontro laterale fra veicoli in marcia;Rettilineo;Una carreggiata a doppio senso;Bagnato (umidità in atto);Asfaltata;Orizzontale;Nuvoloso;Normale;Buona;Ore Diurne;1;0;0;1;12.51693;41.99645;-1;1;Autocarro inferiore 35 q.;In marcia / fermata / arresto;Conducente;M;Rimandato;0;NON DECEDUTO;Utilizzato;Esploso
2052500;4;02/05/2014 13:45;Statale entro l'abitato;VIA SALARIA;in prossimità;;della chilometrica;18;;Scontro laterale fra veicoli in marcia;Rettilineo;Una carreggiata a doppio senso;Bagnato (umidità in atto);Asfaltata;Orizzontale;Nuvoloso;Normale;Buona;Ore Diurne;1;0;0;1;12.51693;41.99645;-1;2;Autovettura privata;In marcia / fermata / arresto;Conducente;M;Illeso;0;;Non accertato;
2052503;4;02/05/2014 14:00;Strada Urbana;VIA NOMENTANA;all'intersezione con;VIA GASPARA STAMPA;VIA GASPARA STAMPA;;;Scontro laterale fra veicoli in marcia;Intersezione stradale segnalata;Una carreggiata a senso unico di marcia;Bagnato (pioggia);Asfaltata;Verticale ed orizzontale;Pioggia in atto;Normale;Buona;Ore Diurne;0;0;0;3;12.55239;41.94111;-1;1;Autovettura privata;In marcia / fermata / arresto;Conducente;F;Illeso;0;;Non accertato;
2052503;4;02/05/2014 14:00;Strada Urbana;VIA NOMENTANA;all'intersezione con;VIA GASPARA STAMPA;VIA GASPARA STAMPA;;;Scontro laterale fra veicoli in marcia;Intersezione stradale segnalata;Una carreggiata a senso unico di marcia;Bagnato (pioggia);Asfaltata;Verticale ed orizzontale;Pioggia in atto;Normale;Buona;Ore Diurne;0;0;0;3;12.55239;41.94111;-1;1;Autovettura privata;In marcia / fermata / arresto;Passeggero;F;Illeso;0;;Non accertato;