Protocollo;Gruppo;DataOraIncidente;Localizzazione1;STRADA1;Localizzazione2;STRADA2;Strada02;Chilometrica;DaSpecificare;NaturaIncidente;particolaritastrade;TipoStrada;FondoStradale;Pavimentazione;Segnaletica;CondizioneAtmosferica;Traffico;Visibilita;Illuminazione;NUM_FERITI;NUM_RISERVATA;NUM_MORTI;NUM_ILLESI;Longitudine;Latitudine;Confermato;Progressivo;TipoVeicolo;StatoVeicolo;TipoPersona;Sesso;Tipolesione;Deceduto;DecedutoDopo;CinturaCascoUtilizzato;Airbag
2054909;8;06/05/2014 14:50;Strada Urbana;VIA DI VERMICINO;all'intersezione con;VIA CASTELVETRANO;VIA CASTELVETRANO;;;Scontro frontale/laterale SX fra veicoli in marcia;Incrocio;Una carreggiata a doppio senso;Asciutto;Asfaltata;Verticale ed orizzontale;Sereno;Normale;Buona;Ore Diurne;1;0;0;4;12.67133;41.86028;-1;1;Autovettura privata;In marcia / fermata / arresto;Passeggero;F;Illeso;0;;Non accertato;Inesploso
2054909;8;06/05/2014 14:50;Strada Urbana;VIA DI VERMICINO;all'intersezione con;VIA CASTELVETRANO;VIA CASTELVETRANO;;;Scontro frontale/laterale SX fra veicoli in marcia;Incrocio;Una carreggiata a doppio senso;Asciutto;Asfaltata;Verticale ed orizzontale;Sereno;Normale;Buona;Ore Diurne;1;0;0;4;12.67133;41.86028;-1;2;Autovettura privata;In marcia / fermata / arresto;Conducente;F;Illeso;0;;Non accertato;Inesploso
2054909;8;06/05/2014 14:50;Strada Urbana;VIA DI VERMICINO;all'intersezione con;VIA CASTELVETRANO;VIA CASTELVETRANO;;;Scontro frontale/laterale SX fra veicoli in marcia;Incrocio;Una carreggiata a doppio senso;Asciutto;Asfaltata;Verticale ed orizzontale;Sereno;Normale;Buona;Ore Diurne;1;0;0;4;12.67133;41.86028;-1;2;Autovettura privata;In marcia / fermata / arresto;Passeggero;M;Rifiuta cure immediate;0;NON DECEDUTO;Non accertato;Inesploso
2054912;8;06/05/2014 15:00;Strada Urbana;VIA ANDREA NOALE;in prossimità;;del civico n.;178;;Tamponamento;Rettilineo;Una carreggiata a doppio senso;Asciutto;Asfaltata;Verticale ed orizzontale;Sereno;Normale;Buona;Ore Diurne;1;0;0;1;12.61965;41.9123;-1;1;Autovettura privata;In marcia / fermata / arresto;Conducente;M;Illeso;0;;Non accertato;Inesploso
2054912;8;06/05/2014 15:00;Strada Urbana;VIA ANDREA NOALE;in prossimità;;del civico n.;178;;Tamponamento;Rettilineo;Una carreggiata a doppio senso;Asciutto;Asfaltata;Verticale ed orizzontale;Sereno;Normale;Buona;Ore Diurne;1;0;0;1;12.61965;41.9123;-1;2;Autovettura privata;In marcia / fermata / arresto;Conducente;M;Rimandato;0;NON DECEDUTO;Non accertato;Inesploso
2054913;6;06/05/2014 21:00;Strada Urbana;VIA CASILINA;all'intersezione con;VIA ARTENA;VIA ARTENA;;;Tamponamento;Incrocio;Più di due carreggiate;Asciutto;Asfaltata;Verticale ed orizzontale;Sereno;Normale;Buona;Sufficiente;0;0;0;2;12.54534;41.87893;-1;1;Autovettura privata;In marcia / fermata / arresto;Conducente;F;Illeso;0;;;Inesploso
2054913;6;06/05/2014 21:00;Strada Urbana;VIA CASILINA;all'intersezione con;VIA ARTENA;VIA ARTENA;;;Tamponamento;Incrocio;Più di due carreggiate;Asciutto;Asfaltata;Verticale ed orizzontale;Sereno;Normale;Buona;Sufficiente;0;0;0;2;12.54534;41.87893;-1;2;Autovettura privata;In marcia / fermata / arresto;Conducente;M;Illeso;0;;Non accertato;
2054914;8;06/05/2014 16:45;Strada Urbana;VIA ANDREA NOALE;in prossimità;;del civico n.;178;;Tamponamento Multiplo;Rettilineo;Una carreggiata a doppio senso;Asciutto;Asfaltata;Verticale ed orizzontale;Sereno;Normale;Buona;Ore Diurne;5;0;0;2;12.6196094;41.9123017;-1;1;Autovettura privata;In marcia / fermata / arresto;Conducente;M;Rimandato;0;NON DECEDUTO;Non accertato;Inesploso
2054914;8;06/05/2014 16:45;Strada Urbana;VIA ANDREA NOALE;in prossimità;;del civico n.;178;;Tamponamento Multiplo;Rettilineo;Una carreggiata a doppio senso;Asciutto;Asfaltata;Verticale ed orizzontale;Sereno;Normale;Buona;Ore Diurne;5;0;0;2;12.6196094;41.9123017;-1;2;Autovettura privata;In marcia / fermata / arresto;Conducente;F;Rimandato;0;NON DECEDUTO;Non accertato;Inesploso
2054914;8;06/05/2014 16:45;Strada Urbana;VIA ANDREA NOALE;in prossimità;;del civico n.;178;;Tamponamento Multiplo;Rettilineo;Una carreggiata a doppio senso;Asciutto;Asfaltata;Verticale ed orizzontale;Sereno;Normale;Buona;Ore Diurne;5;0;0;2;12.6196094;41.9123017;-1;2;Autovettura privata;In marcia / fermata / arresto;Passeggero;F;Illeso;0;;Non accertato;Inesploso
2054914;8;06/05/2014 16:45;Strada Urbana;VIA ANDREA NOALE;in prossimità;;del civico n.;178;;Tamponamento Multiplo;Rettilineo;Una carreggiata a doppio senso;Asciutto;Asfaltata;Verticale ed orizzontale;Sereno;Normale;Buona;Ore Diurne;5;0;0;2;12.6196094;41.9123017;-1;2;Autovettura privata;In marcia / fermata / arresto;Passeggero;F;Illeso;0;;Non accertato;Inesploso
2054914;8;06/05/2014 16:45;Strada Urbana;VIA ANDREA NOALE;in prossimità;;del civico n.;178;;Tamponamento Multiplo;Rettilineo;Una carreggiata a doppio senso;Asciutto;Asfaltata;Verticale ed orizzontale;Sereno;Normale;Buona;Ore Diurne;5;0;0;2;12.6196094;41.9123017;-1;3;Autovettura privata;In marcia / fermata / arresto;Conducente;F;Rifiuta cure immediate;0;NON DECEDUTO;Non accertato;Inesploso
2054914;8;06/05/2014 16:45;Strada Urbana;VIA ANDREA NOALE;in prossimità;;del civico n.;178;;Tamponamento Multiplo;Rettilineo;Una carreggiata a doppio senso;Asciutto;Asfaltata;Verticale ed orizzontale;Sereno;Normale;Buona;Ore Diurne;5;0;0;2;12.6196094;41.9123017;-1;3;Autovettura privata;In marcia / fermata / arresto;Passeggero;M;Rifiuta cure immediate;0;NON DECEDUTO;Non accertato;Inesploso
2054914;8;06/05/2014 16:45;Strada Urbana;VIA ANDREA NOALE;in prossimità;;del civico n.;178;;Tamponamento Multiplo;Rettilineo;Una carreggiata a doppio senso;Asciutto;Asfaltata;Verticale ed orizzontale;Sereno;Normale;Buona;Ore Diurne;5;0;0;2;12.6196094;41.9123017;-1;4;Autovettura privata;In marcia / fermata / arresto;Conducente;M;Rifiuta cure immediate;0;NON DECEDUTO;Non accertato;Inesploso
2054915;9;06/05/2014 20:30;Strada Urbana;VIA ALBENGA;in corrispondenza;;del civico n.;14;;Veicolo in marcia contro veicolo fermo;Rettilineo;Una carreggiata a doppio senso;Asciutto;Asfaltata;Verticale ed orizzontale;Sereno;Scarso;Buona;Sufficiente;0;0;0;2;12.51664;41.87805;-1;1;Autovettura privata;In marcia / fermata / arresto;Conducente;M;Illeso;0;;Non accertato;Inesploso
2054915;9;06/05/2014 20:30;Strada Urbana;VIA ALBENGA;in corrispondenza;;del civico n.;14;;Veicolo in marcia contro veicolo fermo;Rettilineo;Una carreggiata a doppio senso;Asciutto;Asfaltata;Verticale ed orizzontale;Sereno;Scarso;Buona;Sufficiente;0;0;0;2;12.51664;41.87805;-1;2;Autovettura privata;In marcia / fermata / arresto;Conducente;M;Illeso;0;;Non accertato;Inesploso
2054917;8;06/05/2014 17:10;Strada Urbana;VIA WALTER TOBAGI;in corrispondenza;;del civico n.;45;;Investimento di pedone;Rettilineo;Una carreggiata a doppio senso;Asciutto;Asfaltata;Verticale ed orizzontale;Sereno;Normale;Buona;Ore Diurne;1;0;0;1;12.59758;41.86954;-1;;;;Pedone;F;Rimandato;0;NON DECEDUTO;;
2054917;8;06/05/2014 17:10;Strada Urbana;VIA WALTER TOBAGI;in corrispondenza;;del civico n.;45;;Investimento di pedone;Rettilineo;Una carreggiata a doppio senso;Asciutto;Asfaltata;Verticale ed orizzontale;Sereno;Normale;Buona;Ore Diurne;1;0;0;1;12.59758;41.86954;-1;1;Autovettura privata;In marcia / fermata / arresto;Conducente;M;Illeso;0;;Non accertato;Inesploso
2054918;9;06/05/2014 22:35;Strada Urbana;VIALE FURIO CAMILLO;all'intersezione semaforizzata con;VIA TUSCOLANA;VIA TUSCOLANA;;;Scontro frontale/laterale DX fra veicoli in marcia;Intersezione semaforizzata;Una carreggiata a doppio senso;Asciutto;Asfaltata;Verticale ed orizzontale;Sereno;Scarso;Sufficiente;Sufficiente;0;0;0;2;12.526;41.87669;-1;1;Autovettura privata;In marcia / fermata / arresto;Conducente;M;Illeso;0;;Non accertato;Inesploso
2054918;9;06/05/2014 22:35;Strada Urbana;VIALE FURIO CAMILLO;all'intersezione semaforizzata con;VIA TUSCOLANA;VIA TUSCOLANA;;;Scontro frontale/laterale DX fra veicoli in marcia;Intersezione semaforizzata;Una carreggiata a doppio senso;Asciutto;Asfaltata;Verticale ed orizzontale;Sereno;Scarso;Sufficiente;Sufficiente;0;0;0;2;12.526;41.87669;-1;2;Autovettura privata;In marcia / fermata / arresto;Conducente;F;Illeso;0;;Non accertato;Inesploso
2054919;2;05/05/2014 08:30;Strada Urbana;VIA PIETRO DE COUBERTIN;all'intersezione con;VIA DORANDO PIETRI;VIA DORANDO PIETRI;;;Scontro frontale/laterale SX fra veicoli in marcia;Incrocio;Una carreggiata a doppio senso;Asciutto;Asfaltata;Verticale ed orizzontale;Sereno;Scarso;Buona;Ore Diurne;1;0;0;1;12.47121;41.92907;-1;1;Autovettura privata;In marcia / fermata / arresto;Conducente;M;Illeso;0;;Non accertato;
2054919;2;05/05/2014 08:30;Strada Urbana;VIA PIETRO DE COUBERTIN;all'intersezione con;VIA DORANDO PIETRI;VIA DORANDO PIETRI;;;Scontro frontale/laterale SX fra veicoli in marcia;Incrocio;Una carreggiata a doppio senso;Asciutto;Asfaltata;Verticale ed orizzontale;Sereno;Scarso;Buona;Ore Diurne;1;0;0;1;12.47121;41.92907;-1;2;Motociclo a solo;In marcia / fermata / arresto;Conducente;M;Rimandato;0;NON DECEDUTO;Non accertato;
2054924;2;05/05/2014 10:00;Strada Urbana;CORSO TRIESTE;all'intersezione con;PIAZZA TRENTO;PIAZZA TRENTO;;;Scontro frontale/laterale DX fra veicoli in marcia;Incrocio;Due carreggiate;Asciutto;Asfaltata;Verticale ed orizzontale;Sereno;Normale;Buona;Ore Diurne;2;0;0;1;12.50939;41.92047;-1;1;Autovettura privata;In marcia / fermata / arresto;Conducente;M;Illeso;0;;;
2054924;2;05/05/2014 10:00;Strada Urbana;CORSO TRIESTE;all'intersezione con;PIAZZA TRENTO;PIAZZA TRENTO;;;Scontro frontale/laterale DX fra veicoli in marcia;Incrocio;Due carreggiate;Asciutto;Asfaltata;Verticale ed orizzontale;Sereno;Normale;Buona;Ore Diurne;2;0;0;1;12.50939;41.92047;-1;2;Motociclo con passeggero;In marcia / fermata / arresto;Conducente;M;Rimandato;0;NON DECEDUTO;Non accertato;
2054924;2;05/05/2014 10:00;Strada Urbana;CORSO TRIESTE;all'intersezione con;PIAZZA TRENTO;PIAZZA TRENTO;;;Scontro frontale/laterale DX fra veicoli in marcia;Incrocio;Due carreggiate;Asciutto;Asfaltata;Verticale ed orizzontale;Sereno;Normale;Buona;Ore Diurne;2;0;0;1;12.50939;41.92047;-1;2;Motociclo con passeggero;In marcia / fermata / arresto;Passeggero;M;Rimandato;0;NON DECEDUTO;Non accertato;
2054926;19;06/05/2014 17:20;Strada Urbana;VIA PASQUALE II;in corrispondenza;;del civico n.;237;;Veicoli in marcia contro veicolo fermo;Rettilineo;Una carreggiata a doppio senso;Asciutto;Asfaltata;Orizzontale;Sereno;Normale;Buona;Ore Diurne;1;0;0;3;12.40885;41.90807;-1;1;Autovettura privata;In marcia / fermata / arresto;Conducente;F;Illeso;0;;Non accertato;Inesistente
2054926;19;06/05/2014 17:20;Strada Urbana;VIA PASQUALE II;in corrispondenza;;del civico n.;237;;Veicoli in marcia contro veicolo fermo;Rettilineo;Una carreggiata a doppio senso;Asciutto;Asfaltata;Orizzontale;Sereno;Normale;Buona;Ore Diurne;1;0;0;3;12.40885;41.90807;-1;2;Autovettura privata;In marcia / fermata / arresto;Conducente;M;Illeso;0;;Non accertato;Inesistente
2054926;19;06/05/2014 17:20;Strada Urbana;VIA PASQUALE II;in corrispondenza;;del civico n.;237;;Veicoli in marcia contro veicolo fermo;Rettilineo;Una carreggiata a doppio senso;Asciutto;Asfaltata;Orizzontale;Sereno;Normale;Buona;Ore Diurne;1;0;0;3;12.40885;41.90807;-1;3;Autovettura privata;In marcia / fermata / arresto;Conducente;F;Rifiuta cure immediate;0;NON DECEDUTO;Non accertato;Inesistente
2054926;19;06/05/2014 17:20;Strada Urbana;VIA PASQUALE II;in corrispondenza;;del civico n.;237;;Veicoli in marcia contro veicolo fermo;Rettilineo;Una carreggiata a doppio senso;Asciutto;Asfaltata;Orizzontale;Sereno;Normale;Buona;Ore Diurne;1;0;0;3;12.40885;41.90807;-1;3;Autovettura privata;In marcia / fermata / arresto;Passeggero;M;Illeso;0;;Non accertato;Inesistente
2054928;2;05/05/2014 11:40;Strada Urbana;VIA FILIPPO CIVININI;in prossimità;;del civico n.;63;;Veicolo in marcia contro veicolo in sosta;Rettilineo;Una carreggiata a doppio senso;Asciutto;Asfaltata;Verticale ed orizzontale;Sereno;Normale;Buona;Ore Diurne;0;0;0;1;12.48135;41.92496;-1;1;Autovettura privata;In marcia / fermata / arresto;Conducente;M;Illeso;0;;Utilizzato;Inesploso
2054929;9;07/05/2014 03:40;Strada Urbana;VIA ACAIA;all'intersezione semaforizzata con;VIA LATINA;VIA LATINA;;;Scontro laterale fra veicoli in marcia;Intersezione semaforizzata;Una carreggiata a doppio senso;Asciutto;Asfaltata;Verticale ed orizzontale;Nebbia;Scarso;Sufficiente;Sufficiente;0;0;0;4;12.50693;41.87469;-1;1;Autovettura privata;In marcia / fermata / arresto;Conducente;M;Illeso;0;;Non accertato;Inesploso
2054929;9;07/05/2014 03:40;Strada Urbana;VIA ACAIA;all'intersezione semaforizzata con;VIA LATINA;VIA LATINA;;;Scontro laterale fra veicoli in marcia;Intersezione semaforizzata;Una carreggiata a doppio senso;Asciutto;Asfaltata;Verticale ed orizzontale;Nebbia;Scarso;Sufficiente;Sufficiente;0;0;0;4;12.50693;41.87469;-1;1;Autovettura privata;In marcia / fermata / arresto;Passeggero;M;Illeso;0;;Non accertato;Inesploso
2054929;9;07/05/2014 03:40;Strada Urbana;VIA ACAIA;all'intersezione semaforizzata con;VIA LATINA;VIA LATINA;;;Scontro laterale fra veicoli in marcia;Intersezione semaforizzata;Una carreggiata a doppio senso;Asciutto;Asfaltata;Verticale ed orizzontale;Nebbia;Scarso;Sufficiente;Sufficiente;0;0;0;4;12.50693;41.87469;-1;2;Autocarro inferiore 35 q.;In marcia / fermata / arresto;Conducente;M;Illeso;0;;Non accertato;Inesploso
2054929;9;07/05/2014 03:40;Strada Urbana;VIA ACAIA;all'intersezione semaforizzata con;VIA LATINA;VIA LATINA;;;Scontro laterale fra veicoli in marcia;Intersezione semaforizzata;Una carreggiata a doppio senso;Asciutto;Asfaltata;Verticale ed orizzontale;Nebbia;Scarso;Sufficiente;Sufficiente;0;0;0;4;12.50693;41.87469;-1;2;Autocarro inferiore 35 q.;In marcia / fermata / arresto;Passeggero;M;Illeso;0;;Non accertato;Inesploso
2054938;1;06/05/2014 18:45;Strada Urbana;LUNGOTEVERE GIANICOLENSE;all'intersezione con;PONTE GIUSEPPE MAZZINI;PONTE GIUSEPPE MAZZINI;;;Scontro laterale fra veicoli in marcia;Incrocio;Una carreggiata a senso unico di marcia;Asciutto;Asfaltata;Verticale ed orizzontale;Sereno;Intenso;Buona;Ore Diurne;0;0;0;4;12.46542;41.89567;-1;1;Autovettura di polizia;In marcia / fermata / arresto;Conducente;M;Illeso;0;;Non accertato;
2054938;1;06/05/2014 18:45;Strada Urbana;LUNGOTEVERE GIANICOLENSE;all'intersezione con;PONTE GIUSEPPE MAZZINI;PONTE GIUSEPPE MAZZINI;;;Scontro laterale fra veicoli in marcia;Incrocio;Una carreggiata a senso unico di marcia;Asciutto;Asfaltata;Verticale ed orizzontale;Sereno;Intenso;Buona;Ore Diurne;0;0;0;4;12.46542;41.89567;-1;1;Autovettura di polizia;In marcia / fermata / arresto;Passeggero;M;Illeso;0;;Non accertato;
2054938;1;06/05/2014 18:45;Strada Urbana;LUNGOTEVERE GIANICOLENSE;all'intersezione con;PONTE GIUSEPPE MAZZINI;PONTE GIUSEPPE MAZZINI;;;Scontro laterale fra veicoli in marcia;Incrocio;Una carreggiata a senso unico di marcia;Asciutto;Asfaltata;Verticale ed orizzontale;Sereno;Intenso;Buona;Ore Diurne;0;0;0;4;12.46542;41.89567;-1;1;Autovettura di polizia;In marcia / fermata / arresto;Passeggero;M;Illeso;0;;Non accertato;
2054938;1;06/05/2014 18:45;Strada Urbana;LUNGOTEVERE GIANICOLENSE;all'intersezione con;PONTE GIUSEPPE MAZZINI;PONTE GIUSEPPE MAZZINI;;;Scontro laterale fra veicoli in marcia;Incrocio;Una carreggiata a senso unico di marcia;Asciutto;Asfaltata;Verticale ed orizzontale;Sereno;Intenso;Buona;Ore Diurne;0;0;0;4;12.46542;41.89567;-1;2;Autovettura privata;In marcia / fermata / arresto;Conducente;F;Illeso;0;;Non accertato;
2054943;5;06/05/2014 12:30;Strada Urbana;VIALE PALMIRO TOGLIATTI;da specificare;;;;altezza PONTE MAMMOLO dir. Tiburtina;Tamponamento Multiplo;Rettilineo;Due carreggiate;Asciutto;Asfaltata;Verticale ed orizzontale;Sereno;Normale;Buona;Ore Diurne;0;0;0;3;12.56668;41.92174;-1;1;Autovettura privata;In marcia / fermata / arresto;Conducente;M;Illeso;0;;Non accertato;
2054943;5;06/05/2014 12:30;Strada Urbana;VIALE PALMIRO TOGLIATTI;da specificare;;;;altezza PONTE MAMMOLO dir. Tiburtina;Tamponamento Multiplo;Rettilineo;Due carreggiate;Asciutto;Asfaltata;Verticale ed orizzontale;Sereno;Normale;Buona;Ore Diurne;0;0;0;3;12.56668;41.92174;-1;2;Autovettura privata;In marcia / fermata / arresto;Conducente;M;Illeso;0;;Non accertato;
2054943;5;06/05/2014 12:30;Strada Urbana;VIALE PALMIRO TOGLIATTI;da specificare;;;;altezza PONTE MAMMOLO dir. Tiburtina;Tamponamento Multiplo;Rettilineo;Due carreggiate;Asciutto;Asfaltata;Verticale ed orizzontale;Sereno;Normale;Buona;Ore Diurne;0;0;0;3;12.56668;41.92174;-1;3;Autovettura privata;In marcia / fermata / arresto;Conducente;F;Illeso;0;;Non accertato;
2054947;5;06/05/2014 10:30;Strada Urbana;VIA DEI MONTI TIBURTINI;all'intersezione semaforizzata con;VIA GIUSEPPE SEGUENZA;VIA GIUSEPPE SEGUENZA;;;Tamponamento Multiplo;Intersezione semaforizzata;Due carreggiate;Asciutto;Asfaltata;Verticale ed orizzontale;Sereno;Normale;Buona;Ore Diurne;0;0;0;4;12.53749;41.91902;-1;1;Autocarro superiore 35 q.;In marcia / fermata / arresto;Conducente;M;Illeso;0;;Non accertato;Inesploso
2054947;5;06/05/2014 10:30;Strada Urbana;VIA DEI MONTI TIBURTINI;all'intersezione semaforizzata con;VIA GIUSEPPE SEGUENZA;VIA GIUSEPPE SEGUENZA;;;Tamponamento Multiplo;Intersezione semaforizzata;Due carreggiate;Asciutto;Asfaltata;Verticale ed orizzontale;Sereno;Normale;Buona;Ore Diurne;0;0;0;4;12.53749;41.91902;-1;2;Autocarro superiore 35 q.;In marcia / fermata / arresto;Conducente;M;Illeso;0;;Non accertato;Inesploso
2054947;5;06/05/2014 10:30;Strada Urbana;VIA DEI MONTI TIBURTINI;all'intersezione semaforizzata con;VIA GIUSEPPE SEGUENZA;VIA GIUSEPPE SEGUENZA;;;Tamponamento Multiplo;Intersezione semaforizzata;Due carreggiate;Asciutto;Asfaltata;Verticale ed orizzontale;Sereno;Normale;Buona;Ore Diurne;0;0;0;4;12.53749;41.91902;-1;2;Autocarro superiore 35 q.;In marcia / fermata / arresto;Passeggero;M;Illeso;0;;Non accertato;Inesploso
2054947;5;06/05/2014 10:30;Strada Urbana;VIA DEI MONTI TIBURTINI;all'intersezione semaforizzata con;VIA GIUSEPPE SEGUENZA;VIA GIUSEPPE SEGUENZA;;;Tamponamento Multiplo;Intersezione semaforizzata;Due carreggiate;Asciutto;Asfaltata;Verticale ed orizzontale;Sereno;Normale;Buona;Ore Diurne;0;0;0;4;12.53749;41.91902;-1;3;Autocarro inferiore 35 q.;In marcia / fermata / arresto;Conducente;M;Illeso;0;;Non accertato;Inesploso
2054948;19;06/05/2014 18:45;Strada Urbana;LARGO GIANNINA MILLI;in prossimità;;del civico n.;19;;Scontro frontale/laterale DX fra veicoli in marcia;Curva a visuale libera;Una carreggiata a senso unico di marcia;Asciutto;Asfaltata;Assente;Sereno;Normale;Buona;Ore Diurne;1;0;0;1;12.42291;41.9437;-1;1;Motociclo a solo;In marcia / fermata / arresto;Conducente;M;Illeso;0;;Non accertato;
2054948;19;06/05/2014 18:45;Strada Urbana;LARGO GIANNINA MILLI;in prossimità;;del civico n.;19;;Scontro frontale/laterale DX fra veicoli in marcia;Curva a visuale libera;Una carreggiata a senso unico di marcia;Asciutto;Asfaltata;Assente;Sereno;Normale;Buona;Ore Diurne;1;0;0;1;12.42291;41.9437;-1;2;Velocipede;In marcia / fermata / arresto;Conducente;F;Rimandato;0;NON DECEDUTO;Esente;
2054949;5;06/05/2014 11:45;Strada Urbana;VIA DELLE CASE ROSSE;all'intersezione con;VIA CERCEPICCOLA;VIA CERCEPICCOLA;;;Scontro frontale/laterale DX fra veicoli in marcia;Incrocio;Una carreggiata a doppio senso;Asciutto;Asfaltata;Assente;Sereno;Scarso;Buona;Ore Diurne;1;0;0;1;12.64393;41.93169;-1;1;Autobus urbano;In marcia / fermata / arresto;Conducente;M;Illeso;0;;Non accertato;
2054949;5;06/05/2014 11:45;Strada Urbana;VIA DELLE CASE ROSSE;all'intersezione con;VIA CERCEPICCOLA;VIA CERCEPICCOLA;;;Scontro frontale/laterale DX fra veicoli in marcia;Incrocio;Una carreggiata a doppio senso;Asciutto;Asfaltata;Assente;Sereno;Scarso;Buona;Ore Diurne;1;0;0;1;12.64393;41.93169;-1;2;Autoarticolato;In marcia / fermata / arresto;Conducente;F;Rimandato;0;NON DECEDUTO;Non accertato;
2054953;5;06/05/2014 22:00;Strada Urbana;VIA RINALDO D'AQUINO;da specificare;;;;all'altezza di VIA DANTE DA MAIANO;Tamponamento;Rettilineo;Due carreggiate;Asciutto;Asfaltata;Verticale ed orizzontale;Sereno;Scarso;Sufficiente;Sufficiente;0;0;0;2;12.60785;41.95937;-1;1;Autovettura privata;In marcia / fermata / arresto;Conducente;M;Illeso;0;;Non accertato;Inesploso
2054953;5;06/05/2014 22:00;Strada Urbana;VIA RINALDO D'AQUINO;da specificare;;;;all'altezza di VIA DANTE DA MAIANO;Tamponamento;Rettilineo;Due carreggiate;Asciutto;Asfaltata;Verticale ed orizzontale;Sereno;Scarso;Sufficiente;Sufficiente;0;0;0;2;12.60785;41.95937;-1;2;Autovettura privata;In marcia / fermata / arresto;Conducente;M;Illeso;0;;Non accertato;Esploso
2054958;11;06/05/2014 09:45;Strada Urbana;VIALE DEL TINTORETTO;da specificare;;;;fronte Via M. Bianchini;Scontro laterale fra veicoli in marcia;Rettilineo;Due carreggiate;Asciutto;Asfaltata;Verticale ed orizzontale;Nuvoloso;Normale;Buona;Ore Diurne;0;0;0;2;12.50042;41.83267;-1;1;Autovettura privata;In marcia / fermata / arresto;Conducente;M;Illeso;0;;;
2054958;11;06/05/2014 09:45;Strada Urbana;VIALE DEL TINTORETTO;da specificare;;;;fronte Via M. Bianchini;Scontro laterale fra veicoli in marcia;Rettilineo;Due carreggiate;Asciutto;Asfaltata;Verticale ed orizzontale;Nuvoloso;Normale;Buona;Ore Diurne;0;0;0;2;12.50042;41.83267;-1;2;Autovettura privata;In marcia / fermata / arresto;Conducente;M;Illeso;0;;;
2054959;5;06/05/2014 18:00;Strada Urbana;VIA GUGLIELMO SANSONI;all'intersezione con;VIA SALVIATI;VIA SALVIATI;;;Scontro frontale/laterale SX fra veicoli in marcia;Incrocio;Una carreggiata a doppio senso;Asciutto;Asfaltata;Assente;Sereno;Normale;Buona;Ore Diurne;1;0;0;0;12.58287;41.90669;-1;1;Autovettura privata;In marcia / fermata / arresto;Conducente;M;Rimandato;0;NON DECEDUTO;Non accertato;
2054967;11;06/05/2014 15:30;Strada Urbana;VIA DEL SERAFICO;da specificare;;;;prossimità via Laurentina;Tamponamento;Rettilineo;Una carreggiata a doppio senso;Asciutto;Asfaltata;Verticale ed orizzontale;Sereno;Normale;Buona;Ore Diurne;0;0;0;2;12.48074;41.82977;-1;1;Autovettura privata;In marcia / fermata / arresto;Conducente;F;Illeso;0;;Non accertato;Inesploso
2054967;11;06/05/2014 15:30;Strada Urbana;VIA DEL SERAFICO;da specificare;;;;prossimità via Laurentina;Tamponamento;Rettilineo;Una carreggiata a doppio senso;Asciutto;Asfaltata;Verticale ed orizzontale;Sereno;Normale;Buona;Ore Diurne;0;0;0;2;12.48074;41.82977;-1;2;Autovettura privata;In marcia / fermata / arresto;Conducente;F;Illeso;0;;Non accertato;Inesploso
2054969;5;06/05/2014 14:10;Strada Urbana;VIA QUINTILIOLO;in prossimità;;del civico n.;22;;Scontro frontale/laterale DX fra veicoli in marcia;Rettilineo;Una carreggiata a doppio senso;Asciutto;Asfaltata;Assente;Sereno;Scarso;Buona;Ore Diurne;2;0;0;0;12.62307;41.9414;-1;1;Autovettura privata;In marcia / fermata / arresto;Conducente;F;Rimandato;0;NON DECEDUTO;Non accertato;Inesploso
2054969;5;06/05/2014 14:10;Strada Urbana;VIA QUINTILIOLO;in prossimità;;del civico n.;22;;Scontro frontale/laterale DX fra veicoli in marcia;Rettilineo;Una carreggiata a doppio senso;Asciutto;Asfaltata;Assente;Sereno;Scarso;Buona;Ore Diurne;2;0;0;0;12.62307;41.9414;-1;2;Autovettura privata;In marcia / fermata / arresto;Conducente;F;Rimandato;0;NON DECEDUTO;Non accertato;Inesploso
2054979;1;06/05/2014 21:15;Strada Urbana;VIA DELL'AMBA ARADAM;in prossimità;;del civico n.;3;;Scontro frontale fra veicoli in marcia;Rettilineo;Una carreggiata a doppio senso;Asciutto;Asfaltata;Verticale ed orizzontale;Sereno;Normale;Sufficiente;Sufficiente;0;1;0;2;12.50308;41.88572;-1;1;Autovettura privata;In marcia / fermata / arresto;Conducente;M;Illeso;0;;Non accertato;Inesploso
2054979;1;06/05/2014 21:15;Strada Urbana;VIA DELL'AMBA ARADAM;in prossimità;;del civico n.;3;;Scontro frontale fra veicoli in marcia;Rettilineo;Una carreggiata a doppio senso;Asciutto;Asfaltata;Verticale ed orizzontale;Sereno;Normale;Sufficiente;Sufficiente;0;1;0;2;12.50308;41.88572;-1;2;Motociclo a solo;In marcia / fermata / arresto;Conducente;M;Prognosi riservata;0;NON DECEDUTO;Utilizzato;
2054979;1;06/05/2014 21:15;Strada Urbana;VIA DELL'AMBA ARADAM;in prossimità;;del civico n.;3;;Scontro frontale fra veicoli in marcia;Rettilineo;Una carreggiata a doppio senso;Asciutto;Asfaltata;Verticale ed orizzontale;Sereno;Normale;Sufficiente;Sufficiente;0;1;0;2;12.50308;41.88572;-1;3;Autovettura privata;In marcia / fermata / arresto;Conducente;F;Illeso;0;;Non accertato;Esploso
2054992;20;12/05/2014 07:45;Strada Urbana;VIA DI GROTTAROSSA;all'intersezione con;VIA FOSSO DEL POGGIO;VIA FOSSO DEL POGGIO;;;Scontro frontale/laterale DX fra veicoli in marcia;Incrocio;Una carreggiata a doppio senso;Asciutto;Asfaltata;Verticale ed orizzontale;Sereno;Intenso;Buona;Ore Diurne;1;0;0;2;12.45994;41.97305;-1;1;Autovettura privata;In marcia / fermata / arresto;Conducente;M;Illeso;0;;;