Protocollo;Gruppo;DataOraIncidente;Localizzazione1;STRADA1;Localizzazione2;STRADA2;Strada02;Chilometrica;DaSpecificare;NaturaIncidente;particolaritastrade;TipoStrada;FondoStradale;Pavimentazione;Segnaletica;CondizioneAtmosferica;Traffico;Visibilita;Illuminazione;NUM_FERITI;NUM_RISERVATA;NUM_MORTI;NUM_ILLESI;Longitudine;Latitudine;Confermato;Progressivo;TipoVeicolo;StatoVeicolo;TipoPersona;Sesso;Tipolesione;Deceduto;DecedutoDopo;CinturaCascoUtilizzato;Airbag
2058702;2;10/05/2014 18:00;Strada Urbana;VIALE SOMALIA;all'intersezione semaforizzata con;CIRCONVALLAZIONE SALARIA;CIRCONVALLAZIONE SALARIA;;;Investimento di pedone;Intersezione semaforizzata;Due carreggiate;Asciutto;Asfaltata;Verticale ed orizzontale;Sereno;Normale;Buona;Ore Diurne;1;0;0;3;12.52011;41.93391;-1;1;Autovettura privata;In marcia / fermata / arresto;Passeggero;F;Illeso;0;;Non accertato;Inesploso
2058702;2;10/05/2014 18:00;Strada Urbana;VIALE SOMALIA;all'intersezione semaforizzata con;CIRCONVALLAZIONE SALARIA;CIRCONVALLAZIONE SALARIA;;;Investimento di pedone;Intersezione semaforizzata;Due carreggiate;Asciutto;Asfaltata;Verticale ed orizzontale;Sereno;Normale;Buona;Ore Diurne;1;0;0;3;12.52011;41.93391;-1;1;Autovettura privata;In marcia / fermata / arresto;Passeggero;F;Illeso;0;;Non accertato;Inesploso
2058706;3;10/05/2014 11:40;Strada Urbana;VIA LIVORNO;da specificare;;;;FRONTE  CIV. 27;Veicolo in marcia contro veicolo in sosta;Rettilineo;Una carreggiata a doppio senso;Asciutto;Asfaltata;Verticale ed orizzontale;Sereno;Normale;Buona;Ore Diurne;2;0;0;0;12.52424;41.91566;-1;1;Autovettura privata;In marcia / fermata / arresto;Conducente;M;Rimandato;0;NON DECEDUTO;Non accertato;Inesploso
2058706;3;10/05/2014 11:40;Strada Urbana;VIA LIVORNO;da specificare;;;;FRONTE  CIV. 27;Veicolo in marcia contro veicolo in sosta;Rettilineo;Una carreggiata a doppio senso;Asciutto;Asfaltata;Verticale ed orizzontale;Sereno;Normale;Buona;Ore Diurne;2;0;0;0;12.52424;41.91566;-1;1;Autovettura privata;In marcia / fermata / arresto;Passeggero;M;Rimandato;0;NON DECEDUTO;Non accertato;Inesploso
2058707;7;11/05/2014 18:15;Strada Urbana;VIALE DELLA BELLA VILLA;da specificare;;;;ALL'INTERSEZIONE CON VIA FRANCESCO BONAFEDE;Scontro laterale fra veicoli in marcia;Rotatoria;Una carreggiata a senso unico di marcia;Asciutto;Asfaltata;Verticale ed orizzontale;Sereno;Scarso;Buona;Ore Diurne;0;0;0;5;12.58223;41.87467;-1;1;Autovettura privata;In marcia / fermata / arresto;Conducente;F;Illeso;0;;Non accertato;Inesploso
2058707;7;11/05/2014 18:15;Strada Urbana;VIALE DELLA BELLA VILLA;da specificare;;;;ALL'INTERSEZIONE CON VIA FRANCESCO BONAFEDE;Scontro laterale fra veicoli in marcia;Rotatoria;Una carreggiata a senso unico di marcia;Asciutto;Asfaltata;Verticale ed orizzontale;Sereno;Scarso;Buona;Ore Diurne;0;0;0;5;12.58223;41.87467;-1;2;Autovettura privata;In marcia / fermata / arresto;Conducente;M;Illeso;0;;Non accertato;Inesploso
2058707;7;11/05/2014 18:15;Strada Urbana;VIALE DELLA BELLA VILLA;da specificare;;;;ALL'INTERSEZIONE CON VIA FRANCESCO BONAFEDE;Scontro laterale fra veicoli in marcia;Rotatoria;Una carreggiata a senso unico di marcia;Asciutto;Asfaltata;Verticale ed orizzontale;Sereno;Scarso;Buona;Ore Diurne;0;0;0;5;12.58223;41.87467;-1;2;Autovettura privata;In marcia / fermata / arresto;Passeggero;F;Illeso;0;;Non accertato;Inesploso
2058707;7;11/05/2014 18:15;Strada Urbana;VIALE DELLA BELLA VILLA;da specificare;;;;ALL'INTERSEZIONE CON VIA FRANCESCO BONAFEDE;Scontro laterale fra veicoli in marcia;Rotatoria;Una carreggiata a senso unico di marcia;Asciutto;Asfaltata;Verticale ed orizzontale;Sereno;Scarso;Buona;Ore Diurne;0;0;0;5;12.58223;41.87467;-1;2;Autovettura privata;In marcia / fermata / arresto;Passeggero;M;Illeso;0;;Non accertato;Inesploso
2058707;7;11/05/2014 18:15;Strada Urbana;VIALE DELLA BELLA VILLA;da specificare;;;;ALL'INTERSEZIONE CON VIA FRANCESCO BONAFEDE;Scontro laterale fra veicoli in marcia;Rotatoria;Una carreggiata a senso unico di marcia;Asciutto;Asfaltata;Verticale ed orizzontale;Sereno;Scarso;Buona;Ore Diurne;0;0;0;5;12.58223;41.87467;-1;2;Autovettura privata;In marcia / fermata / arresto;Passeggero;M;Illeso;0;;Non accertato;Inesistente
2058711;20;11/05/2014 11:35;Strada Urbana;VIA CASSIA;da specificare;;;;prossimità fronte civico n. 1156;Scontro frontale/laterale DX fra veicoli in marcia;Rettilineo;Una carreggiata a doppio senso;Asciutto;Asfaltata;Verticale ed orizzontale;Sereno;Normale;Buona;Ore Diurne;2;0;0;1;12.41877;41.97907;-1;1;Autovettura privata;In marcia / fermata / arresto;Conducente;M;Illeso;0;;;
2058711;20;11/05/2014 11:35;Strada Urbana;VIA CASSIA;da specificare;;;;prossimità fronte civico n. 1156;Scontro frontale/laterale DX fra veicoli in marcia;Rettilineo;Una carreggiata a doppio senso;Asciutto;Asfaltata;Verticale ed orizzontale;Sereno;Normale;Buona;Ore Diurne;2;0;0;1;12.41877;41.97907;-1;2;Motociclo con passeggero;In marcia / fermata / arresto;Conducente;M;Rimandato;0;NON DECEDUTO;;
2058711;20;11/05/2014 11:35;Strada Urbana;VIA CASSIA;da specificare;;;;prossimità fronte civico n. 1156;Scontro frontale/laterale DX fra veicoli in marcia;Rettilineo;Una carreggiata a doppio senso;Asciutto;Asfaltata;Verticale ed orizzontale;Sereno;Normale;Buona;Ore Diurne;2;0;0;1;12.41877;41.97907;-1;2;Motociclo con passeggero;In marcia / fermata / arresto;Passeggero;F;Rimandato;0;NON DECEDUTO;Utilizzato;
2058717;18;08/05/2014 18:00;Strada Urbana;VIA MATTIA BATTISTINI;all'intersezione con;VIA GIUSEPPE DE LUCA;VIA GIUSEPPE DE LUCA;;;Scontro laterale fra veicoli in marcia;Incrocio;Una carreggiata a doppio senso;Asciutto;Asfaltata;Verticale ed orizzontale;Sereno;Normale;Buona;Ore Diurne;0;0;0;2;12.41317;41.9063;-1;1;Autovettura privata;In marcia / fermata / arresto;Conducente;M;Illeso;0;;Non accertato;Inesploso
2058717;18;08/05/2014 18:00;Strada Urbana;VIA MATTIA BATTISTINI;all'intersezione con;VIA GIUSEPPE DE LUCA;VIA GIUSEPPE DE LUCA;;;Scontro laterale fra veicoli in marcia;Incrocio;Una carreggiata a doppio senso;Asciutto;Asfaltata;Verticale ed orizzontale;Sereno;Normale;Buona;Ore Diurne;0;0;0;2;12.41317;41.9063;-1;2;Autovettura privata;In marcia / fermata / arresto;Conducente;M;Illeso;0;;Non accertato;Inesploso
2058718;19;09/05/2014 13:05;Strada Urbana;VIA LUIGI MAGLIONE;in prossimità;;del civico n.;9;;Investimento di pedone;Rettilineo;Una carreggiata a senso unico di marcia;Asciutto;Asfaltata;Verticale ed orizzontale;Sereno;Normale;Buona;Ore Diurne;1;0;0;1;12.41491;41.92316;-1;;;;Pedone;M;Rimandato;0;NON DECEDUTO;;
2058718;19;09/05/2014 13:05;Strada Urbana;VIA LUIGI MAGLIONE;in prossimità;;del civico n.;9;;Investimento di pedone;Rettilineo;Una carreggiata a senso unico di marcia;Asciutto;Asfaltata;Verticale ed orizzontale;Sereno;Normale;Buona;Ore Diurne;1;0;0;1;12.41491;41.92316;-1;1;Autovettura privata;In marcia / fermata / arresto;Conducente;F;Illeso;0;;Non accertato;Inesploso
2058723;15;10/05/2014 09:20;Strada Urbana;VIA PORTUENSE;in prossimità;;del civico n.;544/F;;Tamponamento;Rettilineo;Due carreggiate;Asciutto;Asfaltata;Orizzontale;Sereno;Normale;Buona;Ore Diurne;0;0;0;4;12.44706;41.85746;-1;1;Autovettura privata;In marcia / fermata / arresto;Conducente;M;Illeso;0;;Utilizzato;
2058723;15;10/05/2014 09:20;Strada Urbana;VIA PORTUENSE;in prossimità;;del civico n.;544/F;;Tamponamento;Rettilineo;Due carreggiate;Asciutto;Asfaltata;Orizzontale;Sereno;Normale;Buona;Ore Diurne;0;0;0;4;12.44706;41.85746;-1;1;Autovettura privata;In marcia / fermata / arresto;Passeggero;F;Illeso;0;;Utilizzato;
2058723;15;10/05/2014 09:20;Strada Urbana;VIA PORTUENSE;in prossimità;;del civico n.;544/F;;Tamponamento;Rettilineo;Due carreggiate;Asciutto;Asfaltata;Orizzontale;Sereno;Normale;Buona;Ore Diurne;0;0;0;4;12.44706;41.85746;-1;1;Autovettura privata;In marcia / fermata / arresto;Passeggero;F;Illeso;0;;Utilizzato;
2058723;15;10/05/2014 09:20;Strada Urbana;VIA PORTUENSE;in prossimità;;del civico n.;544/F;;Tamponamento;Rettilineo;Due carreggiate;Asciutto;Asfaltata;Orizzontale;Sereno;Normale;Buona;Ore Diurne;0;0;0;4;12.44706;41.85746;-1;2;Quadriciclo leggero;In marcia / fermata / arresto;Conducente;M;Illeso;0;;Utilizzato;
2058724;12;09/05/2014 08:25;Strada Urbana;VIALE LIBANO;in prossimità;;del civico n.;35;;Investimento di pedone;Rettilineo;Due carreggiate;Asciutto;Asfaltata;Verticale;Sereno;Scarso;Buona;Ore Diurne;1;0;0;1;12.46377;41.82061;-1;;;;Pedone;M;Ricoverato;0;NON DECEDUTO;;
2058724;12;09/05/2014 08:25;Strada Urbana;VIALE LIBANO;in prossimità;;del civico n.;35;;Investimento di pedone;Rettilineo;Due carreggiate;Asciutto;Asfaltata;Verticale;Sereno;Scarso;Buona;Ore Diurne;1;0;0;1;12.46377;41.82061;-1;1;Autovettura privata;In marcia / fermata / arresto;Conducente;M;Illeso;0;;Utilizzato;Inesploso
2058729;19;09/05/2014 17:00;Strada Urbana;VIA DI TORREVECCHIA;in corrispondenza;;del civico n.;308;;Infortunio per sola frenata improvvisa;Rettilineo;Una carreggiata a doppio senso;Asciutto;Asfaltata;Orizzontale;Sereno;Intenso;Buona;Ore Diurne;1;0;0;2;12.41584;41.92717;-1;;;;Pedone;M;Rimandato;0;NON DECEDUTO;;
2058729;19;09/05/2014 17:00;Strada Urbana;VIA DI TORREVECCHIA;in corrispondenza;;del civico n.;308;;Infortunio per sola frenata improvvisa;Rettilineo;Una carreggiata a doppio senso;Asciutto;Asfaltata;Orizzontale;Sereno;Intenso;Buona;Ore Diurne;1;0;0;2;12.41584;41.92717;-1;1;Autovettura privata;In marcia / fermata / arresto;Conducente;M;Illeso;0;;Non accertato;Inesploso
2058729;19;09/05/2014 17:00;Strada Urbana;VIA DI TORREVECCHIA;in corrispondenza;;del civico n.;308;;Infortunio per sola frenata improvvisa;Rettilineo;Una carreggiata a doppio senso;Asciutto;Asfaltata;Orizzontale;Sereno;Intenso;Buona;Ore Diurne;1;0;0;2;12.41584;41.92717;-1;2;Autovettura privata;In marcia / fermata / arresto;Conducente;M;Illeso;0;;Non accertato;Inesploso
2058733;19;10/05/2014 01:15;Strada Urbana;VIA DI BOCCEA;all'intersezione con;VIA DELLA STORTA;VIA DELLA STORTA;;;Scontro frontale/laterale SX fra veicoli in marcia;Incrocio;Una carreggiata a doppio senso;Bagnato (umidità in atto);Asfaltata;Orizzontale;Nebbia;Scarso;Sufficiente;Sufficiente;1;0;0;3;12.35323;41.9283;-1;1;Autovettura privata;In marcia / fermata / arresto;Conducente;F;Illeso;0;;;
2058733;19;10/05/2014 01:15;Strada Urbana;VIA DI BOCCEA;all'intersezione con;VIA DELLA STORTA;VIA DELLA STORTA;;;Scontro frontale/laterale SX fra veicoli in marcia;Incrocio;Una carreggiata a doppio senso;Bagnato (umidità in atto);Asfaltata;Orizzontale;Nebbia;Scarso;Sufficiente;Sufficiente;1;0;0;3;12.35323;41.9283;-1;1;Autovettura privata;In marcia / fermata / arresto;Passeggero;F;Illeso;0;;Non accertato;Esploso
2058733;19;10/05/2014 01:15;Strada Urbana;VIA DI BOCCEA;all'intersezione con;VIA DELLA STORTA;VIA DELLA STORTA;;;Scontro frontale/laterale SX fra veicoli in marcia;Incrocio;Una carreggiata a doppio senso;Bagnato (umidità in atto);Asfaltata;Orizzontale;Nebbia;Scarso;Sufficiente;Sufficiente;1;0;0;3;12.35323;41.9283;-1;1;Autovettura privata;In marcia / fermata / arresto;Passeggero;F;Illeso;0;;Non accertato;Esploso
2058733;19;10/05/2014 01:15;Strada Urbana;VIA DI BOCCEA;all'intersezione con;VIA DELLA STORTA;VIA DELLA STORTA;;;Scontro frontale/laterale SX fra veicoli in marcia;Incrocio;Una carreggiata a doppio senso;Bagnato (umidità in atto);Asfaltata;Orizzontale;Nebbia;Scarso;Sufficiente;Sufficiente;1;0;0;3;12.35323;41.9283;-1;2;Autovettura privata;In marcia / fermata / arresto;Conducente;M;Rimandato;0;NON DECEDUTO;;
2058739;12;08/05/2014 18:30;Strada Urbana;VIA VITTORIO VELTRONI;in prossimità;;del civico n.;30;;Veicolo in marcia contro veicolo in sosta;Rettilineo;Una carreggiata a senso unico di marcia;Asciutto;Asfaltata;Verticale;Sereno;Normale;Buona;Ore Diurne;0;0;0;1;12.44134;41.77421;-1;2;Autovettura privata;In marcia / fermata / arresto;Conducente;M;Illeso;0;;Non accertato;Inesploso
2058742;19;10/05/2014 11:30;Strada Urbana;VIA FESTO AVIENO;all'intersezione con;VIA LICINIO CALVO;VIA LICINIO CALVO;;;Scontro laterale fra veicoli in marcia;Incrocio;Una carreggiata a doppio senso;Asciutto;Asfaltata;Assente;Sereno;Normale;Buona;Ore Diurne;0;0;0;2;12.44321;41.92658;-1;1;Motociclo a solo;In marcia / fermata / arresto;Conducente;M;Illeso;0;;Non accertato;
2058742;19;10/05/2014 11:30;Strada Urbana;VIA FESTO AVIENO;all'intersezione con;VIA LICINIO CALVO;VIA LICINIO CALVO;;;Scontro laterale fra veicoli in marcia;Incrocio;Una carreggiata a doppio senso;Asciutto;Asfaltata;Assente;Sereno;Normale;Buona;Ore Diurne;0;0;0;2;12.44321;41.92658;-1;2;Autovettura privata;In marcia / fermata / arresto;Conducente;M;Illeso;0;;Non accertato;Inesploso
2058743;18;09/05/2014 17:15;Strada Urbana;VIA ANASTASIO II;in prossimità;;del civico n.;125;;Investimento di pedone;Rettilineo;Più di due carreggiate;Asciutto;Asfaltata;Verticale ed orizzontale;Sereno;Normale;Buona;Ore Diurne;1;0;0;1;12.4414;41.89732;-1;;;;Pedone;F;Rimandato;0;NON DECEDUTO;;
2058743;18;09/05/2014 17:15;Strada Urbana;VIA ANASTASIO II;in prossimità;;del civico n.;125;;Investimento di pedone;Rettilineo;Più di due carreggiate;Asciutto;Asfaltata;Verticale ed orizzontale;Sereno;Normale;Buona;Ore Diurne;1;0;0;1;12.4414;41.89732;-1;1;Motociclo a solo;In marcia / fermata / arresto;Conducente;M;Illeso;0;;Non accertato;
2058747;20;11/05/2014 12:00;Strada Urbana;VIA DEL FORO ITALICO;da specificare;;;;interno galleria Fleming dir. Salaria;Scontro frontale fra veicoli in marcia;Galleria illuminata;Una carreggiata a doppio senso;Asciutto;Asfaltata;Orizzontale;Sereno;Intenso;Buona;Ore Diurne;0;0;0;2;12.48104;41.94025;-1;1;Autovettura privata;In marcia / fermata / arresto;Conducente;F;Illeso;0;;Non accertato;Inesploso
2058747;20;11/05/2014 12:00;Strada Urbana;VIA DEL FORO ITALICO;da specificare;;;;interno galleria Fleming dir. Salaria;Scontro frontale fra veicoli in marcia;Galleria illuminata;Una carreggiata a doppio senso;Asciutto;Asfaltata;Orizzontale;Sereno;Intenso;Buona;Ore Diurne;0;0;0;2;12.48104;41.94025;-1;2;Autocarro inferiore 35 q.;In marcia / fermata / arresto;Conducente;M;Illeso;0;;Non accertato;Inesploso
2058753;19;10/05/2014 12:15;Strada Urbana;GALLERIA GIOVANNI XXIII;da specificare;;;;POCO DOPO INGRESSO VIA M. FANI;Tamponamento Multiplo;Galleria illuminata;Una carreggiata a senso unico di marcia;Asciutto;Asfaltata;Assente;Sereno;Intenso;Buona;Ore Diurne;0;0;0;4;12.44317;41.94126;-1;1;Autovettura privata;In marcia / fermata / arresto;Conducente;F;Illeso;0;;Non accertato;Inesploso
2058753;19;10/05/2014 12:15;Strada Urbana;GALLERIA GIOVANNI XXIII;da specificare;;;;POCO DOPO INGRESSO VIA M. FANI;Tamponamento Multiplo;Galleria illuminata;Una carreggiata a senso unico di marcia;Asciutto;Asfaltata;Assente;Sereno;Intenso;Buona;Ore Diurne;0;0;0;4;12.44317;41.94126;-1;1;Autovettura privata;In marcia / fermata / arresto;Passeggero;M;Illeso;0;;Non accertato;Inesploso
2058753;19;10/05/2014 12:15;Strada Urbana;GALLERIA GIOVANNI XXIII;da specificare;;;;POCO DOPO INGRESSO VIA M. FANI;Tamponamento Multiplo;Galleria illuminata;Una carreggiata a senso unico di marcia;Asciutto;Asfaltata;Assente;Sereno;Intenso;Buona;Ore Diurne;0;0;0;4;12.44317;41.94126;-1;2;Autovettura privata;In marcia / fermata / arresto;Conducente;F;Illeso;0;;Non accertato;Inesploso
2058753;19;10/05/2014 12:15;Strada Urbana;GALLERIA GIOVANNI XXIII;da specificare;;;;POCO DOPO INGRESSO VIA M. FANI;Tamponamento Multiplo;Galleria illuminata;Una carreggiata a senso unico di marcia;Asciutto;Asfaltata;Assente;Sereno;Intenso;Buona;Ore Diurne;0;0;0;4;12.44317;41.94126;-1;3;Autovettura privata;In marcia / fermata / arresto;Conducente;M;Illeso;0;;Non accertato;Inesploso
2058767;2;09/05/2014 09:00;Strada Urbana;VIA PO;in corrispondenza;;del civico n.;50d fr.;;Scontro frontale/laterale SX fra veicoli in marcia;Rettilineo;Una carreggiata a doppio senso;Asciutto;Asfaltata;Orizzontale;Sereno;Normale;Buona;Ore Diurne;1;0;0;1;12.4967;41.91571;-1;1;Autovettura pubblica;In marcia / fermata / arresto;Conducente;M;Illeso;0;;Non accertato;Inesploso
2058767;2;09/05/2014 09:00;Strada Urbana;VIA PO;in corrispondenza;;del civico n.;50d fr.;;Scontro frontale/laterale SX fra veicoli in marcia;Rettilineo;Una carreggiata a doppio senso;Asciutto;Asfaltata;Orizzontale;Sereno;Normale;Buona;Ore Diurne;1;0;0;1;12.4967;41.91571;-1;2;Motociclo a solo;In marcia / fermata / arresto;Conducente;M;Rimandato;0;NON DECEDUTO;;
2058768;12;09/05/2014 08:30;Strada Urbana;VIALE EGEO;in prossimità;;del civico n.;133;;Scontro frontale/laterale SX fra veicoli in marcia;Rettilineo;Due carreggiate;Asciutto;Asfaltata;Verticale ed orizzontale;Sereno;Normale;Buona;Ore Diurne;1;0;0;1;12.45397;41.82841;-1;1;Autovettura privata;In marcia / fermata / arresto;Conducente;M;Illeso;0;;Utilizzato;Esploso
2058768;12;09/05/2014 08:30;Strada Urbana;VIALE EGEO;in prossimità;;del civico n.;133;;Scontro frontale/laterale SX fra veicoli in marcia;Rettilineo;Due carreggiate;Asciutto;Asfaltata;Verticale ed orizzontale;Sereno;Normale;Buona;Ore Diurne;1;0;0;1;12.45397;41.82841;-1;2;Autovettura privata;In marcia / fermata / arresto;Conducente;M;Rimandato;0;NON DECEDUTO;Utilizzato;Esploso
2058775;19;11/05/2014 08:00;Strada Urbana;VIA CESARE LOMBROSO;da specificare;;;;s.n.c.;Investimento di pedone;Rettilineo;Una carreggiata a doppio senso;Asciutto;Asfaltata;Assente;Sereno;Scarso;Buona;Ore Diurne;1;0;0;2;12.4173;41.93574;-1;;;;Pedone;M;Rifiuta cure immediate;0;NON DECEDUTO;;
2058775;19;11/05/2014 08:00;Strada Urbana;VIA CESARE LOMBROSO;da specificare;;;;s.n.c.;Investimento di pedone;Rettilineo;Una carreggiata a doppio senso;Asciutto;Asfaltata;Assente;Sereno;Scarso;Buona;Ore Diurne;1;0;0;2;12.4173;41.93574;-1;1;Autovettura privata;In marcia / fermata / arresto;Conducente;M;Illeso;0;;Non accertato;Inesploso
2058775;19;11/05/2014 08:00;Strada Urbana;VIA CESARE LOMBROSO;da specificare;;;;s.n.c.;Investimento di pedone;Rettilineo;Una carreggiata a doppio senso;Asciutto;Asfaltata;Assente;Sereno;Scarso;Buona;Ore Diurne;1;0;0;2;12.4173;41.93574;-1;1;Autovettura privata;In marcia / fermata / arresto;Passeggero;M;Illeso;0;;Non accertato;Inesploso
2058777;2;10/05/2014 05:30;Strada Urbana;VIALE PANTELLERIA;in prossimità;;del civico n.;30;;Veicolo in marcia contro veicoli in sosta;Curva a visuale libera;Due carreggiate;Asciutto;Asfaltata;Verticale ed orizzontale;Sereno;Scarso;Sufficiente;Sufficiente;0;0;0;1;12.52908;41.94485;-1;1;Autovettura privata;In marcia / fermata / arresto;Conducente;F;Illeso;0;;;
2058786;12;10/05/2014 18:10;Strada Urbana;VIA DI ACQUA ACETOSA OSTIENSE;da specificare;;;;altezza uscita motorizzazione;Tamponamento;Rettilineo;Una carreggiata a doppio senso;Asciutto;Asfaltata;Verticale ed orizzontale;Sereno;Intenso;Buona;Ore Diurne;2;0;0;1;12.47908;41.80173;-1;1;Autovettura privata;In marcia / fermata / arresto;Conducente;M;Rimandato;0;NON DECEDUTO;Utilizzato;Inesploso
2058786;12;10/05/2014 18:10;Strada Urbana;VIA DI ACQUA ACETOSA OSTIENSE;da specificare;;;;altezza uscita motorizzazione;Tamponamento;Rettilineo;Una carreggiata a doppio senso;Asciutto;Asfaltata;Verticale ed orizzontale;Sereno;Intenso;Buona;Ore Diurne;2;0;0;1;12.47908;41.80173;-1;1;Autovettura privata;In marcia / fermata / arresto;Passeggero;F;Rimandato;0;NON DECEDUTO;Non accertato;Inesistente
2058786;12;10/05/2014 18:10;Strada Urbana;VIA DI ACQUA ACETOSA OSTIENSE;da specificare;;;;altezza uscita motorizzazione;Tamponamento;Rettilineo;Una carreggiata a doppio senso;Asciutto;Asfaltata;Verticale ed orizzontale;Sereno;Intenso;Buona;Ore Diurne;2;0;0;1;12.47908;41.80173;-1;2;Autovettura privata;In marcia / fermata / arresto;Conducente;M;Illeso;0;;Utilizzato;Inesploso
2058790;18;09/05/2014 00:15;Strada Urbana;VIA GREGORIO VII;in prossimità;;del civico n.;530;;Veicolo in marcia contro ostacolo accidentale;Rettilineo;Due carreggiate;Viscido da liquidi oleosi;Asfaltata;Verticale ed orizzontale;Sereno;Normale;Buona;Sufficiente;1;0;0;0;12.4301;41.89485;-1;1;Motociclo a solo;In marcia / fermata / arresto;Conducente;M;Rifiuta cure immediate;0;NON DECEDUTO;Non accertato;
2058791;19;11/05/2014 00:05;Strada Urbana;VIA FEDERICO BORROMEO;all'intersezione con;VIA NICOLO' ALBERGATI;VIA NICOLO' ALBERGATI;;;Scontro frontale/laterale SX fra veicoli in marcia;Incrocio;Una carreggiata a doppio senso;Asciutto;Asfaltata;Verticale ed orizzontale;Sereno;Scarso;Sufficiente;Sufficiente;0;0;0;1;12.41513;41.91785;-1;1;Autovettura privata;In marcia / fermata / arresto;Conducente;F;Illeso;0;;Non accertato;Inesploso
2058796;12;09/05/2014 19:45;Strada Urbana;PIAZZALE CINA;da specificare;;;;prossimità via CANTON;Veicolo in marcia contro ostacolo accidentale;Rotatoria;Una carreggiata a senso unico di marcia;Asciutto;Asfaltata;Verticale ed orizzontale;Sereno;Normale;Buona;Sufficiente;0;0;0;1;12.43253;41.80724;-1;1;Autovettura privata;In marcia / fermata / arresto;Conducente;M;Illeso;0;;Utilizzato;Inesploso
2058801;17;10/05/2014 12:45;Strada Urbana;PIAZZALE DEGLI EROI;in prossimità;;del civico n.;9;;Scontro laterale fra veicoli in marcia;Rettilineo;Una carreggiata a senso unico di marcia;Asciutto;Asfaltata;Verticale ed orizzontale;Sereno;Normale;Buona;Ore Diurne;2;0;0;1;12.44873;41.90873;-1;1;Autovettura privata;In marcia / fermata / arresto;Conducente;F;Illeso;0;;Non accertato;Inesistente
2058801;17;10/05/2014 12:45;Strada Urbana;PIAZZALE DEGLI EROI;in prossimità;;del civico n.;9;;Scontro laterale fra veicoli in marcia;Rettilineo;Una carreggiata a senso unico di marcia;Asciutto;Asfaltata;Verticale ed orizzontale;Sereno;Normale;Buona;Ore Diurne;2;0;0;1;12.44873;41.90873;-1;2;Motociclo con passeggero;In marcia / fermata / arresto;Conducente;F;Rimandato;0;NON DECEDUTO;Non accertato;
2058801;17;10/05/2014 12:45;Strada Urbana;PIAZZALE DEGLI EROI;in prossimità;;del civico n.;9;;Scontro laterale fra veicoli in marcia;Rettilineo;Una carreggiata a senso unico di marcia;Asciutto;Asfaltata;Verticale ed orizzontale;Sereno;Normale;Buona;Ore Diurne;2;0;0;1;12.44873;41.90873;-1;2;Motociclo con passeggero;In marcia / fermata / arresto;Passeggero;F;Rimandato;0;NON DECEDUTO;;
2058824;18;09/05/2014 11:00;Strada Urbana;VIA CARDINAL AGLIARDI;in prossimità;;del civico n.;22;;Veicolo in marcia contro veicolo in sosta;Rettilineo;Una carreggiata a doppio senso;Asciutto;Asfaltata;Verticale ed orizzontale;Sereno;Scarso;Buona;Ore Diurne;0;0;0;1;12.45334;41.89865;-1;1;Autovettura privata;In marcia / fermata / arresto;Conducente;M;Illeso;0;;Non accertato;Inesploso
2058829;4;09/05/2014 09:15;Strada Urbana;VIA DEI PRATI FISCALI;da specificare;;;;prossimità LARGO VALTURNANCHE;Scontro laterale fra veicoli in marcia;Rettilineo;Due carreggiate;Asciutto;Asfaltata;Orizzontale;Sereno;Normale;Buona;Ore Diurne;0;0;0;4;12.5161;41.94608;-1;1;Autovettura privata;In marcia / fermata / arresto;Conducente;M;Illeso;0;;Non accertato;Inesploso
2058829;4;09/05/2014 09:15;Strada Urbana;VIA DEI PRATI FISCALI;da specificare;;;;prossimità LARGO VALTURNANCHE;Scontro laterale fra veicoli in marcia;Rettilineo;Due carreggiate;Asciutto;Asfaltata;Orizzontale;Sereno;Normale;Buona;Ore Diurne;0;0;0;4;12.5161;41.94608;-1;1;Autovettura privata;In marcia / fermata / arresto;Passeggero;F;Illeso;0;;Non accertato;Inesploso
2058829;4;09/05/2014 09:15;Strada Urbana;VIA DEI PRATI FISCALI;da specificare;;;;prossimità LARGO VALTURNANCHE;Scontro laterale fra veicoli in marcia;Rettilineo;Due carreggiate;Asciutto;Asfaltata;Orizzontale;Sereno;Normale;Buona;Ore Diurne;0;0;0;4;12.5161;41.94608;-1;2;Autovettura privata;In marcia / fermata / arresto;Conducente;F;Illeso;0;;Non accertato;Inesploso
2058829;4;09/05/2014 09:15;Strada Urbana;VIA DEI PRATI FISCALI;da specificare;;;;prossimità LARGO VALTURNANCHE;Scontro laterale fra veicoli in marcia;Rettilineo;Due carreggiate;Asciutto;Asfaltata;Orizzontale;Sereno;Normale;Buona;Ore Diurne;0;0;0;4;12.5161;41.94608;-1;2;Autovettura privata;In marcia / fermata / arresto;Passeggero;M;Illeso;0;;Non accertato;Inesploso
2058830;4;09/05/2014 04:10;Strada Urbana;VIA ARTURO GRAF;da specificare;;;;fronte civ. 87;Veicolo in marcia contro veicoli in sosta;Rettilineo;Due carreggiate;Asciutto;Asfaltata;Orizzontale;Sereno;Scarso;Buona;Sufficiente;0;0;0;3;12.55253;41.94319;-1;1;Autovettura privata;In marcia / fermata / arresto;Conducente;M;Illeso;0;;Non accertato;Esploso
2058830;4;09/05/2014 04:10;Strada Urbana;VIA ARTURO GRAF;da specificare;;;;fronte civ. 87;Veicolo in marcia contro veicoli in sosta;Rettilineo;Due carreggiate;Asciutto;Asfaltata;Orizzontale;Sereno;Scarso;Buona;Sufficiente;0;0;0;3;12.55253;41.94319;-1;1;Autovettura privata;In marcia / fermata / arresto;Passeggero;M;Illeso;0;;Non accertato;Esploso