Protocollo;Gruppo;DataOraIncidente;Localizzazione1;STRADA1;Localizzazione2;STRADA2;Strada02;Chilometrica;DaSpecificare;NaturaIncidente;particolaritastrade;TipoStrada;FondoStradale;Pavimentazione;Segnaletica;CondizioneAtmosferica;Traffico;Visibilita;Illuminazione;NUM_FERITI;NUM_RISERVATA;NUM_MORTI;NUM_ILLESI;Longitudine;Latitudine;Confermato;Progressivo;TipoVeicolo;StatoVeicolo;TipoPersona;Sesso;Tipolesione;Deceduto;DecedutoDopo;CinturaCascoUtilizzato;Airbag
2059315;16;09/05/2014 19:00;Strada Urbana;VIALE DEI COLLI PORTUENSI;all'intersezione semaforizzata con;VIA DI MONTE VERDE;VIA DI MONTE VERDE;;;Investimento di pedone;Intersezione semaforizzata;Due carreggiate;Asciutto;Asfaltata;Verticale ed orizzontale;Sereno;Normale;Buona;Ore Diurne;1;0;0;1;12.44401;41.86665;-1;1;Motociclo a solo;In marcia / fermata / arresto;Conducente;M;Illeso;0;;Non accertato;
2059316;9;12/05/2014 17:20;Strada Urbana;VIA POPULONIA;in prossimità;;del civico n.;44;;Tamponamento Multiplo;Rettilineo;Una carreggiata a senso unico di marcia;Asciutto;Asfaltata;Verticale ed orizzontale;Sereno;Normale;Buona;Ore Diurne;1;0;0;7;12.5057;41.87596;-1;1;Autovettura privata;In marcia / fermata / arresto;Conducente;M;Illeso;0;;Utilizzato;Inesploso
2059316;9;12/05/2014 17:20;Strada Urbana;VIA POPULONIA;in prossimità;;del civico n.;44;;Tamponamento Multiplo;Rettilineo;Una carreggiata a senso unico di marcia;Asciutto;Asfaltata;Verticale ed orizzontale;Sereno;Normale;Buona;Ore Diurne;1;0;0;7;12.5057;41.87596;-1;1;Autovettura privata;In marcia / fermata / arresto;Passeggero;F;Illeso;0;;Utilizzato;Inesploso
2059316;9;12/05/2014 17:20;Strada Urbana;VIA POPULONIA;in prossimità;;del civico n.;44;;Tamponamento Multiplo;Rettilineo;Una carreggiata a senso unico di marcia;Asciutto;Asfaltata;Verticale ed orizzontale;Sereno;Normale;Buona;Ore Diurne;1;0;0;7;12.5057;41.87596;-1;2;Autovettura privata;In marcia / fermata / arresto;Conducente;F;Illeso;0;;Utilizzato;Inesploso
2059316;9;12/05/2014 17:20;Strada Urbana;VIA POPULONIA;in prossimità;;del civico n.;44;;Tamponamento Multiplo;Rettilineo;Una carreggiata a senso unico di marcia;Asciutto;Asfaltata;Verticale ed orizzontale;Sereno;Normale;Buona;Ore Diurne;1;0;0;7;12.5057;41.87596;-1;3;Autovettura privata;In marcia / fermata / arresto;Conducente;F;Illeso;0;;Utilizzato;Inesploso
2059316;9;12/05/2014 17:20;Strada Urbana;VIA POPULONIA;in prossimità;;del civico n.;44;;Tamponamento Multiplo;Rettilineo;Una carreggiata a senso unico di marcia;Asciutto;Asfaltata;Verticale ed orizzontale;Sereno;Normale;Buona;Ore Diurne;1;0;0;7;12.5057;41.87596;-1;3;Autovettura privata;In marcia / fermata / arresto;Passeggero;M;Illeso;0;;Utilizzato;Inesploso
2059316;9;12/05/2014 17:20;Strada Urbana;VIA POPULONIA;in prossimità;;del civico n.;44;;Tamponamento Multiplo;Rettilineo;Una carreggiata a senso unico di marcia;Asciutto;Asfaltata;Verticale ed orizzontale;Sereno;Normale;Buona;Ore Diurne;1;0;0;7;12.5057;41.87596;-1;3;Autovettura privata;In marcia / fermata / arresto;Passeggero;F;Illeso;0;;Utilizzato;Inesploso
2059316;9;12/05/2014 17:20;Strada Urbana;VIA POPULONIA;in prossimità;;del civico n.;44;;Tamponamento Multiplo;Rettilineo;Una carreggiata a senso unico di marcia;Asciutto;Asfaltata;Verticale ed orizzontale;Sereno;Normale;Buona;Ore Diurne;1;0;0;7;12.5057;41.87596;-1;3;Autovettura privata;In marcia / fermata / arresto;Passeggero;M;Illeso;0;;Utilizzato;Inesploso
2059316;9;12/05/2014 17:20;Strada Urbana;VIA POPULONIA;in prossimità;;del civico n.;44;;Tamponamento Multiplo;Rettilineo;Una carreggiata a senso unico di marcia;Asciutto;Asfaltata;Verticale ed orizzontale;Sereno;Normale;Buona;Ore Diurne;1;0;0;7;12.5057;41.87596;-1;4;Autovettura privata;In marcia / fermata / arresto;Conducente;F;Rimandato;0;NON DECEDUTO;Utilizzato;Inesploso
2059320;16;09/05/2014 19:30;Strada Urbana;VIA DELLA PISANA;in prossimità;;del civico n.;379;;Scontro laterale fra veicoli in marcia;Rettilineo;Una carreggiata a doppio senso;Asciutto;Asfaltata;Verticale ed orizzontale;Sereno;Normale;Buona;Ore Diurne;0;0;0;2;12.41157;41.86727;-1;1;Motociclo a solo;In marcia / fermata / arresto;Conducente;M;Illeso;0;;Non accertato;
2059320;16;09/05/2014 19:30;Strada Urbana;VIA DELLA PISANA;in prossimità;;del civico n.;379;;Scontro laterale fra veicoli in marcia;Rettilineo;Una carreggiata a doppio senso;Asciutto;Asfaltata;Verticale ed orizzontale;Sereno;Normale;Buona;Ore Diurne;0;0;0;2;12.41157;41.86727;-1;2;Quadriciclo leggero;In marcia / fermata / arresto;Conducente;M;Illeso;0;;Non accertato;Inesistente
2059329;16;10/05/2014 11:10;Strada Urbana;PIAZZA CARLO ALBERTO SCOTTI;in corrispondenza;;del civico n.;7;;Veicolo in marcia contro veicolo in sosta;Rettilineo;Una carreggiata a senso unico di marcia;Asciutto;Asfaltata;Assente;Sereno;Normale;Buona;Ore Diurne;0;0;0;2;12.44628;41.8694;-1;2;Autovettura privata;In marcia / fermata / arresto;Conducente;M;Illeso;0;;Non accertato;
2059329;16;10/05/2014 11:10;Strada Urbana;PIAZZA CARLO ALBERTO SCOTTI;in corrispondenza;;del civico n.;7;;Veicolo in marcia contro veicolo in sosta;Rettilineo;Una carreggiata a senso unico di marcia;Asciutto;Asfaltata;Assente;Sereno;Normale;Buona;Ore Diurne;0;0;0;2;12.44628;41.8694;-1;2;Autovettura privata;In marcia / fermata / arresto;Passeggero;M;Illeso;0;;Non accertato;
2059332;16;10/05/2014 11:50;Strada Urbana;VIA AURELIA ANTICA;all'intersezione con;VIA DI S. PANCRAZIO;VIA DI S. PANCRAZIO;;;Infortunio per sola frenata improvvisa;Incrocio;Una carreggiata a senso unico di marcia;Asciutto;Asfaltata;Verticale ed orizzontale;Sereno;Normale;Buona;Ore Diurne;1;0;0;0;12.43548;41.89009;-1;1;Ciclomotore;In marcia / fermata / arresto;Conducente;F;Rimandato;0;NON DECEDUTO;Non accertato;
2059336;16;10/05/2014 12:25;Strada Urbana;VIA DELLA PISANA;in corrispondenza;;del civico n.;227;;Scontro laterale fra veicoli in marcia;Rettilineo;Una carreggiata a doppio senso;Asciutto;Asfaltata;Verticale;Sereno;Normale;Buona;Ore Diurne;1;0;0;2;12.41609;41.87838;-1;1;Autovettura privata;In marcia / fermata / arresto;Conducente;M;Illeso;0;;Non accertato;
2059336;16;10/05/2014 12:25;Strada Urbana;VIA DELLA PISANA;in corrispondenza;;del civico n.;227;;Scontro laterale fra veicoli in marcia;Rettilineo;Una carreggiata a doppio senso;Asciutto;Asfaltata;Verticale;Sereno;Normale;Buona;Ore Diurne;1;0;0;2;12.41609;41.87838;-1;2;Motociclo a solo;In marcia / fermata / arresto;Conducente;M;Illeso;0;;Non accertato;
2059336;16;10/05/2014 12:25;Strada Urbana;VIA DELLA PISANA;in corrispondenza;;del civico n.;227;;Scontro laterale fra veicoli in marcia;Rettilineo;Una carreggiata a doppio senso;Asciutto;Asfaltata;Verticale;Sereno;Normale;Buona;Ore Diurne;1;0;0;2;12.41609;41.87838;-1;2;Motociclo a solo;In marcia / fermata / arresto;Passeggero;F;Ricoverato;0;NON DECEDUTO;Non accertato;
2059443;1;10/05/2014 13:50;Strada Urbana;PIAZZA GIAN LORENZO BERNINI;all'intersezione con;VIA BRAMANTE;VIA BRAMANTE;;;Veicolo in marcia contro veicoli in sosta;Incrocio;Una carreggiata a senso unico di marcia;Asciutto;Asfaltata;Verticale ed orizzontale;Sereno;Scarso;Buona;Ore Diurne;0;0;0;1;12.48655;41.87827;-1;1;Motociclo a solo;In marcia / fermata / arresto;Conducente;M;Illeso;0;;;
2059449;16;11/05/2014 11:15;Strada Urbana;VIA FONTEIANA;da specificare;;;;fronte civico 75;Scontro frontale/laterale SX fra veicoli in marcia;Rettilineo;Una carreggiata a doppio senso;Asciutto;Asfaltata;Verticale ed orizzontale;Sereno;Scarso;Buona;Ore Diurne;0;0;0;2;12.45437;41.8806;-1;1;Motociclo a solo;In marcia / fermata / arresto;Conducente;M;Illeso;0;;Non accertato;
2059449;16;11/05/2014 11:15;Strada Urbana;VIA FONTEIANA;da specificare;;;;fronte civico 75;Scontro frontale/laterale SX fra veicoli in marcia;Rettilineo;Una carreggiata a doppio senso;Asciutto;Asfaltata;Verticale ed orizzontale;Sereno;Scarso;Buona;Ore Diurne;0;0;0;2;12.45437;41.8806;-1;2;Autovettura privata;In marcia / fermata / arresto;Conducente;F;Illeso;0;;Non accertato;
2059451;9;12/05/2014 08:30;Strada Urbana;VIA LATINA;da specificare;;;;in pross. p.zza Galeria;Veicolo in marcia contro veicolo in sosta;Rettilineo;Una carreggiata a senso unico di marcia;Asciutto;Asfaltata;Verticale ed orizzontale;Sereno;Intenso;Buona;Ore Diurne;0;0;0;1;12.50703;41.87457;-1;1;Autocarro superiore 35 q.;In marcia / fermata / arresto;Conducente;M;Illeso;0;;Non accertato;Inesploso
2059453;9;12/05/2014 10:15;Strada Urbana;VIA DEMETRIADE;in corrispondenza;;del civico n.;75;;Scontro frontale fra veicoli in marcia;Rettilineo;Una carreggiata a doppio senso;Asciutto;Asfaltata;Orizzontale;Sereno;Normale;Buona;Ore Diurne;1;0;0;1;12.5394775;41.8622448;-1;1;Autovettura privata;In marcia / fermata / arresto;Conducente;M;Illeso;0;;Non accertato;Inesploso
2059453;9;12/05/2014 10:15;Strada Urbana;VIA DEMETRIADE;in corrispondenza;;del civico n.;75;;Scontro frontale fra veicoli in marcia;Rettilineo;Una carreggiata a doppio senso;Asciutto;Asfaltata;Orizzontale;Sereno;Normale;Buona;Ore Diurne;1;0;0;1;12.5394775;41.8622448;-1;2;Motociclo a solo;In marcia / fermata / arresto;Conducente;M;Rimandato;0;NON DECEDUTO;;
2059455;18;09/05/2014 17:20;Strada Urbana;VIA BALDO DEGLI UBALDI;in corrispondenza;;del civico n.;46;;Veicolo in marcia contro ostacolo accidentale;Pendenza;Due carreggiate;Asciutto;Asfaltata;Orizzontale;Sereno;Intenso;Buona;Ore Diurne;0;0;0;1;12.43123;41.89845;-1;1;Autovettura privata;In marcia / fermata / arresto;Conducente;F;Illeso;0;;Non utilizzato;Inesploso
2059458;9;12/05/2014 11:00;Strada Urbana;VIA APPIA NUOVA;in prossimità;;del civico n.;477;;Tamponamento Multiplo;Rettilineo;Una carreggiata a senso unico di marcia;Asciutto;Asfaltata;Verticale ed orizzontale;Sereno;Intenso;Buona;Ore Diurne;2;0;0;1;12.525815;41.8727029;-1;1;Autocarro inferiore 35 q.;In marcia / fermata / arresto;Conducente;M;Illeso;0;;Non accertato;Inesploso
2059458;9;12/05/2014 11:00;Strada Urbana;VIA APPIA NUOVA;in prossimità;;del civico n.;477;;Tamponamento Multiplo;Rettilineo;Una carreggiata a senso unico di marcia;Asciutto;Asfaltata;Verticale ed orizzontale;Sereno;Intenso;Buona;Ore Diurne;2;0;0;1;12.525815;41.8727029;-1;2;Autovettura privata;In marcia / fermata / arresto;Conducente;M;Rimandato;0;NON DECEDUTO;Non accertato;Inesploso
2059458;9;12/05/2014 11:00;Strada Urbana;VIA APPIA NUOVA;in prossimità;;del civico n.;477;;Tamponamento Multiplo;Rettilineo;Una carreggiata a senso unico di marcia;Asciutto;Asfaltata;Verticale ed orizzontale;Sereno;Intenso;Buona;Ore Diurne;2;0;0;1;12.525815;41.8727029;-1;3;Autovettura privata;In marcia / fermata / arresto;Conducente;M;Rimandato;0;NON DECEDUTO;Non accertato;Inesploso
2059460;9;12/05/2014 21:10;Strada Urbana;VIA APPIA NUOVA;all'intersezione con;VIA DON ORIONE;VIA DON ORIONE;;;Scontro frontale/laterale DX fra veicoli in marcia;Incrocio;Una carreggiata a senso unico di marcia;Asciutto;Asfaltata;Verticale ed orizzontale;Sereno;Scarso;Buona;Sufficiente;1;0;0;1;12.51692;41.87936;-1;1;Motociclo a solo;In marcia / fermata / arresto;Conducente;F;Rimandato;0;NON DECEDUTO;Non accertato;
2059460;9;12/05/2014 21:10;Strada Urbana;VIA APPIA NUOVA;all'intersezione con;VIA DON ORIONE;VIA DON ORIONE;;;Scontro frontale/laterale DX fra veicoli in marcia;Incrocio;Una carreggiata a senso unico di marcia;Asciutto;Asfaltata;Verticale ed orizzontale;Sereno;Scarso;Buona;Sufficiente;1;0;0;1;12.51692;41.87936;-1;2;Autovettura privata;In marcia / fermata / arresto;Conducente;F;Illeso;0;;Non accertato;Inesploso
2059461;9;12/05/2014 22:45;Strada Urbana;VIA ACAIA;all'intersezione semaforizzata con;PIAZZA GALERIA;PIAZZA GALERIA;;;Scontro frontale/laterale SX fra veicoli in marcia;Intersezione semaforizzata;Una carreggiata a doppio senso;Asciutto;Asfaltata;Verticale ed orizzontale;Sereno;Scarso;Sufficiente;Sufficiente;0;0;0;2;12.50697;41.87475;-1;1;Autovettura privata;In marcia / fermata / arresto;Conducente;F;Illeso;0;;Non accertato;Inesploso
2059461;9;12/05/2014 22:45;Strada Urbana;VIA ACAIA;all'intersezione semaforizzata con;PIAZZA GALERIA;PIAZZA GALERIA;;;Scontro frontale/laterale SX fra veicoli in marcia;Intersezione semaforizzata;Una carreggiata a doppio senso;Asciutto;Asfaltata;Verticale ed orizzontale;Sereno;Scarso;Sufficiente;Sufficiente;0;0;0;2;12.50697;41.87475;-1;2;Motociclo a solo;In marcia / fermata / arresto;Conducente;M;Illeso;0;;Non accertato;
2059468;1;07/05/2014 19:30;Strada Urbana;LUNGOTEVERE IN AUGUSTA;all'intersezione semaforizzata con;VIA FERDINANDO DI SAVOIA;VIA FERDINANDO DI SAVOIA;;;Scontro laterale fra veicoli in marcia;Intersezione semaforizzata;Una carreggiata a senso unico di marcia;Asciutto;Asfaltata;Verticale ed orizzontale;Sereno;Intenso;Buona;Ore Diurne;0;0;0;2;12.47518;41.90635;-1;1;Autovettura pubblica;In marcia / fermata / arresto;Conducente;M;Illeso;0;;Non accertato;
2059468;1;07/05/2014 19:30;Strada Urbana;LUNGOTEVERE IN AUGUSTA;all'intersezione semaforizzata con;VIA FERDINANDO DI SAVOIA;VIA FERDINANDO DI SAVOIA;;;Scontro laterale fra veicoli in marcia;Intersezione semaforizzata;Una carreggiata a senso unico di marcia;Asciutto;Asfaltata;Verticale ed orizzontale;Sereno;Intenso;Buona;Ore Diurne;0;0;0;2;12.47518;41.90635;-1;2;Quadriciclo leggero;In marcia / fermata / arresto;Conducente;F;Illeso;0;;Non accertato;
2059469;18;10/05/2014 18:00;Strada Urbana;RAMPA AURELIA;all'intersezione con;VIA DI CASAL SELCE;VIA DI CASAL SELCE;;;Tamponamento;Intersezione non regolata/non segnalata;Una carreggiata a doppio senso;Asciutto;Asfaltata;Verticale ed orizzontale;Sereno;Scarso;Buona;Ore Diurne;0;0;0;5;12.33503;41.88532;-1;1;Autovettura privata;In marcia / fermata / arresto;Conducente;M;Illeso;0;;Non accertato;Inesploso
2059469;18;10/05/2014 18:00;Strada Urbana;RAMPA AURELIA;all'intersezione con;VIA DI CASAL SELCE;VIA DI CASAL SELCE;;;Tamponamento;Intersezione non regolata/non segnalata;Una carreggiata a doppio senso;Asciutto;Asfaltata;Verticale ed orizzontale;Sereno;Scarso;Buona;Ore Diurne;0;0;0;5;12.33503;41.88532;-1;1;Autovettura privata;In marcia / fermata / arresto;Passeggero;F;Illeso;0;;Non accertato;Inesploso
2059469;18;10/05/2014 18:00;Strada Urbana;RAMPA AURELIA;all'intersezione con;VIA DI CASAL SELCE;VIA DI CASAL SELCE;;;Tamponamento;Intersezione non regolata/non segnalata;Una carreggiata a doppio senso;Asciutto;Asfaltata;Verticale ed orizzontale;Sereno;Scarso;Buona;Ore Diurne;0;0;0;5;12.33503;41.88532;-1;1;Autovettura privata;In marcia / fermata / arresto;Passeggero;M;Illeso;0;;Non accertato;Inesploso
2059469;18;10/05/2014 18:00;Strada Urbana;RAMPA AURELIA;all'intersezione con;VIA DI CASAL SELCE;VIA DI CASAL SELCE;;;Tamponamento;Intersezione non regolata/non segnalata;Una carreggiata a doppio senso;Asciutto;Asfaltata;Verticale ed orizzontale;Sereno;Scarso;Buona;Ore Diurne;0;0;0;5;12.33503;41.88532;-1;2;Autovettura privata;In marcia / fermata / arresto;Conducente;M;Illeso;0;;Non accertato;Inesploso
2059469;18;10/05/2014 18:00;Strada Urbana;RAMPA AURELIA;all'intersezione con;VIA DI CASAL SELCE;VIA DI CASAL SELCE;;;Tamponamento;Intersezione non regolata/non segnalata;Una carreggiata a doppio senso;Asciutto;Asfaltata;Verticale ed orizzontale;Sereno;Scarso;Buona;Ore Diurne;0;0;0;5;12.33503;41.88532;-1;2;Autovettura privata;In marcia / fermata / arresto;Passeggero;M;Illeso;0;;Non accertato;Inesploso
2059477;8;12/05/2014 18:12;Strada Urbana;VIA DI ROCCA CENCIA;da specificare;;;;alt. Via S. Alessio in Aspromonte;Scontro laterale fra veicoli in marcia;Rettilineo;Una carreggiata a doppio senso;Asciutto;Asfaltata;Verticale ed orizzontale;Sereno;Normale;Sufficiente;Ore Diurne;0;0;0;2;12.69113;41.8735;-1;1;Autovettura privata;In marcia / fermata / arresto;Conducente;M;Illeso;0;;Non utilizzato;Inesploso
2059477;8;12/05/2014 18:12;Strada Urbana;VIA DI ROCCA CENCIA;da specificare;;;;alt. Via S. Alessio in Aspromonte;Scontro laterale fra veicoli in marcia;Rettilineo;Una carreggiata a doppio senso;Asciutto;Asfaltata;Verticale ed orizzontale;Sereno;Normale;Sufficiente;Ore Diurne;0;0;0;2;12.69113;41.8735;-1;2;Autocarro inferiore 35 q.;In marcia / fermata / arresto;Conducente;M;Illeso;0;;Non accertato;Inesploso
2059479;8;12/05/2014 18:15;Strada Urbana;VIA DI ROCCA CENCIA;all'intersezione con;VIA SELLIA;VIA SELLIA;;;Tamponamento;Incrocio;Una carreggiata a doppio senso;Asciutto;Asfaltata;Verticale ed orizzontale;Sereno;Normale;Sufficiente;Ore Diurne;1;0;0;1;12.69113;41.8735;-1;1;Autovettura privata;In marcia / fermata / arresto;Conducente;M;Illeso;0;;Non accertato;Inesploso
2059479;8;12/05/2014 18:15;Strada Urbana;VIA DI ROCCA CENCIA;all'intersezione con;VIA SELLIA;VIA SELLIA;;;Tamponamento;Incrocio;Una carreggiata a doppio senso;Asciutto;Asfaltata;Verticale ed orizzontale;Sereno;Normale;Sufficiente;Ore Diurne;1;0;0;1;12.69113;41.8735;-1;2;Autovettura privata;In marcia / fermata / arresto;Conducente;M;Rifiuta cure immediate;0;NON DECEDUTO;Non accertato;Inesploso
2059480;8;12/05/2014 10:20;Strada Urbana;VIA DI TOR BELLA MONACA;da specificare;;;;alt. Via Domenico Parasacchi;Tamponamento;Rettilineo;Due carreggiate;Asciutto;Asfaltata;Verticale ed orizzontale;Sereno;Normale;Buona;Ore Diurne;1;0;0;1;12.62813;41.87636;-1;1;Autovettura privata;In marcia / fermata / arresto;Conducente;F;Rimandato;0;NON DECEDUTO;Non accertato;Esploso
2059480;8;12/05/2014 10:20;Strada Urbana;VIA DI TOR BELLA MONACA;da specificare;;;;alt. Via Domenico Parasacchi;Tamponamento;Rettilineo;Due carreggiate;Asciutto;Asfaltata;Verticale ed orizzontale;Sereno;Normale;Buona;Ore Diurne;1;0;0;1;12.62813;41.87636;-1;2;Autobus turistico;In marcia / fermata / arresto;Conducente;M;Illeso;0;;Non accertato;Inesploso
2059486;15;12/05/2014 23:25;Strada Urbana;VIA PORTUENSE;da specificare;;;;prossimità Via A. Fenizi;Tamponamento;Rettilineo;Una carreggiata a doppio senso;Asciutto;Asfaltata;Verticale ed orizzontale;Sereno;Scarso;Sufficiente;Sufficiente;0;0;0;2;12.40939;41.84342;-1;1;Autovettura privata;In marcia / fermata / arresto;Conducente;M;Illeso;0;;Utilizzato;
2059486;15;12/05/2014 23:25;Strada Urbana;VIA PORTUENSE;da specificare;;;;prossimità Via A. Fenizi;Tamponamento;Rettilineo;Una carreggiata a doppio senso;Asciutto;Asfaltata;Verticale ed orizzontale;Sereno;Scarso;Sufficiente;Sufficiente;0;0;0;2;12.40939;41.84342;-1;2;Autovettura privata;In marcia / fermata / arresto;Conducente;F;Illeso;0;;Utilizzato;
2059487;16;11/05/2014 13:30;Strada Urbana;VIA DEGLI SCALIGERI;in corrispondenza;;del civico n.;13;;Veicolo in marcia contro veicolo in sosta;Pendenza;Una carreggiata a doppio senso;Asciutto;Asfaltata;Assente;Sereno;Scarso;Buona;Ore Diurne;0;0;0;1;12.42152;41.86898;-1;2;Autocarro inferiore 35 q.;In marcia / fermata / arresto;Conducente;M;Illeso;0;;Non accertato;Inesploso
2059492;1;08/05/2014 21:10;Strada Urbana;LARGO DELLA SANITA' MILITARE;in prossimità;;del palo luce n.;2;;Scontro frontale/laterale SX fra veicoli in marcia;Rettilineo;Una carreggiata a senso unico di marcia;Asciutto;Asfaltata;Verticale ed orizzontale;Sereno;Scarso;Insufficiente;Sufficiente;0;0;0;2;12.49656;41.88843;-1;1;Motociclo a solo;In marcia / fermata / arresto;Conducente;M;Illeso;0;;;
2059492;1;08/05/2014 21:10;Strada Urbana;LARGO DELLA SANITA' MILITARE;in prossimità;;del palo luce n.;2;;Scontro frontale/laterale SX fra veicoli in marcia;Rettilineo;Una carreggiata a senso unico di marcia;Asciutto;Asfaltata;Verticale ed orizzontale;Sereno;Scarso;Insufficiente;Sufficiente;0;0;0;2;12.49656;41.88843;-1;2;Autovettura privata;In marcia / fermata / arresto;Conducente;M;Illeso;0;;;
2059494;5;12/05/2014 07:20;Strada Urbana;VIA DEI MONTI TIBURTINI;da specificare;;;;prossimità VIA DEI DURANTINI;Tamponamento;Rettilineo;Una carreggiata a doppio senso;Asciutto;Asfaltata;Verticale ed orizzontale;Nuvoloso;Normale;Buona;Ore Diurne;1;0;0;1;12.5429;41.9172;-1;1;Autovettura privata;In marcia / fermata / arresto;Conducente;M;Illeso;0;;Non accertato;
2059494;5;12/05/2014 07:20;Strada Urbana;VIA DEI MONTI TIBURTINI;da specificare;;;;prossimità VIA DEI DURANTINI;Tamponamento;Rettilineo;Una carreggiata a doppio senso;Asciutto;Asfaltata;Verticale ed orizzontale;Nuvoloso;Normale;Buona;Ore Diurne;1;0;0;1;12.5429;41.9172;-1;2;Autovettura privata;In marcia / fermata / arresto;Conducente;F;Rimandato;0;NON DECEDUTO;Non accertato;
2059505;19;12/05/2014 21:55;Strada Urbana;VIA COSTANZO GUGLIELMI;in prossimità;;del civico n.;43;;Scontro frontale fra veicoli in marcia;Rettilineo;Una carreggiata a doppio senso;Asciutto;Asfaltata;Verticale;Sereno;Scarso;Buona;Sufficiente;1;0;0;1;12.39077;41.90933;-1;1;Autovettura privata;In marcia / fermata / arresto;Conducente;F;Illeso;0;;;
2059505;19;12/05/2014 21:55;Strada Urbana;VIA COSTANZO GUGLIELMI;in prossimità;;del civico n.;43;;Scontro frontale fra veicoli in marcia;Rettilineo;Una carreggiata a doppio senso;Asciutto;Asfaltata;Verticale;Sereno;Scarso;Buona;Sufficiente;1;0;0;1;12.39077;41.90933;-1;2;Motociclo a solo;In marcia / fermata / arresto;Conducente;M;Rimandato;0;NON DECEDUTO;;
2059506;15;12/05/2014 15:20;Strada Urbana;VIA DELLA PISANA;in prossimità;;del civico n.;974;;Tamponamento Multiplo;Rettilineo;Una carreggiata a doppio senso;Asciutto;Asfaltata;Orizzontale;Nuvoloso;Normale;Buona;Ore Diurne;3;0;0;4;12.38765;41.85475;-1;1;Autovettura privata;In marcia / fermata / arresto;Conducente;M;Illeso;0;;;
2059506;15;12/05/2014 15:20;Strada Urbana;VIA DELLA PISANA;in prossimità;;del civico n.;974;;Tamponamento Multiplo;Rettilineo;Una carreggiata a doppio senso;Asciutto;Asfaltata;Orizzontale;Nuvoloso;Normale;Buona;Ore Diurne;3;0;0;4;12.38765;41.85475;-1;2;Autovettura privata;In marcia / fermata / arresto;Conducente;F;Rimandato;0;NON DECEDUTO;Utilizzato;Inesploso
2059506;15;12/05/2014 15:20;Strada Urbana;VIA DELLA PISANA;in prossimità;;del civico n.;974;;Tamponamento Multiplo;Rettilineo;Una carreggiata a doppio senso;Asciutto;Asfaltata;Orizzontale;Nuvoloso;Normale;Buona;Ore Diurne;3;0;0;4;12.38765;41.85475;-1;2;Autovettura privata;In marcia / fermata / arresto;Passeggero;M;Rimandato;0;NON DECEDUTO;Utilizzato;
2059506;15;12/05/2014 15:20;Strada Urbana;VIA DELLA PISANA;in prossimità;;del civico n.;974;;Tamponamento Multiplo;Rettilineo;Una carreggiata a doppio senso;Asciutto;Asfaltata;Orizzontale;Nuvoloso;Normale;Buona;Ore Diurne;3;0;0;4;12.38765;41.85475;-1;2;Autovettura privata;In marcia / fermata / arresto;Passeggero;F;Rimandato;0;NON DECEDUTO;Utilizzato;
2059506;15;12/05/2014 15:20;Strada Urbana;VIA DELLA PISANA;in prossimità;;del civico n.;974;;Tamponamento Multiplo;Rettilineo;Una carreggiata a doppio senso;Asciutto;Asfaltata;Orizzontale;Nuvoloso;Normale;Buona;Ore Diurne;3;0;0;4;12.38765;41.85475;-1;3;Autovettura privata;In marcia / fermata / arresto;Conducente;F;Illeso;0;;;
2059506;15;12/05/2014 15:20;Strada Urbana;VIA DELLA PISANA;in prossimità;;del civico n.;974;;Tamponamento Multiplo;Rettilineo;Una carreggiata a doppio senso;Asciutto;Asfaltata;Orizzontale;Nuvoloso;Normale;Buona;Ore Diurne;3;0;0;4;12.38765;41.85475;-1;3;Autovettura privata;In marcia / fermata / arresto;Passeggero;M;Illeso;0;;Utilizzato;
2059506;15;12/05/2014 15:20;Strada Urbana;VIA DELLA PISANA;in prossimità;;del civico n.;974;;Tamponamento Multiplo;Rettilineo;Una carreggiata a doppio senso;Asciutto;Asfaltata;Orizzontale;Nuvoloso;Normale;Buona;Ore Diurne;3;0;0;4;12.38765;41.85475;-1;4;Autovettura privata;In marcia / fermata / arresto;Conducente;M;Illeso;0;;;
2059507;5;12/05/2014 08:10;Strada Urbana;VIA TIBURTINA;da specificare;;;;prossimità G.R.A.;Scontro laterale fra veicoli in marcia;Rettilineo;Una carreggiata a doppio senso;Asciutto;Asfaltata;Orizzontale;Sereno;Intenso;Buona;Ore Diurne;0;0;0;3;12.60241;41.93354;-1;1;Autovettura privata;In marcia / fermata / arresto;Conducente;M;Illeso;0;;Non accertato;Inesploso
2059507;5;12/05/2014 08:10;Strada Urbana;VIA TIBURTINA;da specificare;;;;prossimità G.R.A.;Scontro laterale fra veicoli in marcia;Rettilineo;Una carreggiata a doppio senso;Asciutto;Asfaltata;Orizzontale;Sereno;Intenso;Buona;Ore Diurne;0;0;0;3;12.60241;41.93354;-1;1;Autovettura privata;In marcia / fermata / arresto;Passeggero;F;Illeso;0;;Non accertato;Inesploso
2059507;5;12/05/2014 08:10;Strada Urbana;VIA TIBURTINA;da specificare;;;;prossimità G.R.A.;Scontro laterale fra veicoli in marcia;Rettilineo;Una carreggiata a doppio senso;Asciutto;Asfaltata;Orizzontale;Sereno;Intenso;Buona;Ore Diurne;0;0;0;3;12.60241;41.93354;-1;2;Autoarticolato;In marcia / fermata / arresto;Conducente;M;Illeso;0;;Non accertato;Inesploso
2059512;5;12/05/2014 10:00;Strada Urbana;VIA DI GROTTA DI GREGNA;all'intersezione con;VIA DEGLI ALBERINI;VIA DEGLI ALBERINI;;;Scontro frontale/laterale SX fra veicoli in marcia;Incrocio;Una carreggiata a doppio senso;Asciutto;Asfaltata;Verticale ed orizzontale;Sereno;Normale;Buona;Ore Diurne;0;0;0;1;12.56379;41.91693;-1;1;Autovettura privata;In marcia / fermata / arresto;Conducente;M;Illeso;0;;Non accertato;Inesistente