Protocollo;Gruppo;DataOraIncidente;Localizzazione1;STRADA1;Localizzazione2;STRADA2;Strada02;Chilometrica;DaSpecificare;NaturaIncidente;particolaritastrade;TipoStrada;FondoStradale;Pavimentazione;Segnaletica;CondizioneAtmosferica;Traffico;Visibilita;Illuminazione;NUM_FERITI;NUM_RISERVATA;NUM_MORTI;NUM_ILLESI;Longitudine;Latitudine;Confermato;Progressivo;TipoVeicolo;StatoVeicolo;TipoPersona;Sesso;Tipolesione;Deceduto;DecedutoDopo;CinturaCascoUtilizzato;Airbag
2059721;17;12/05/2014 07:30;Strada Urbana;VIA MONTE SANTO;all'intersezione con;VIA SABOTINO;VIA SABOTINO;;;Scontro frontale/laterale DX fra veicoli in marcia;Rotatoria;Due carreggiate;Asciutto;Asfaltata;Verticale ed orizzontale;Sereno;Normale;Buona;Ore Diurne;0;0;0;2;12.46032;41.91744;-1;2;Autovettura privata;In marcia / fermata / arresto;Conducente;M;Illeso;0;;Non accertato;Inesploso
2059725;1;09/05/2014 10:00;Strada Urbana;PIAZZALE NUMA POMPILIO;all'intersezione semaforizzata con;VIALE DELLE TERME DI CARACALLA;VIALE DELLE TERME DI CARACALLA;;;Tamponamento Multiplo;Intersezione semaforizzata;Una carreggiata a doppio senso;Asciutto;Asfaltata;Verticale ed orizzontale;Sereno;Intenso;Buona;Ore Diurne;3;0;0;2;12.49578;41.87968;-1;1;Autovettura privata;In marcia / fermata / arresto;Conducente;F;Rifiuta cure immediate;0;NON DECEDUTO;Non accertato;
2059725;1;09/05/2014 10:00;Strada Urbana;PIAZZALE NUMA POMPILIO;all'intersezione semaforizzata con;VIALE DELLE TERME DI CARACALLA;VIALE DELLE TERME DI CARACALLA;;;Tamponamento Multiplo;Intersezione semaforizzata;Una carreggiata a doppio senso;Asciutto;Asfaltata;Verticale ed orizzontale;Sereno;Intenso;Buona;Ore Diurne;3;0;0;2;12.49578;41.87968;-1;2;Autovettura privata;In marcia / fermata / arresto;Conducente;F;Rifiuta cure immediate;0;NON DECEDUTO;Non accertato;
2059725;1;09/05/2014 10:00;Strada Urbana;PIAZZALE NUMA POMPILIO;all'intersezione semaforizzata con;VIALE DELLE TERME DI CARACALLA;VIALE DELLE TERME DI CARACALLA;;;Tamponamento Multiplo;Intersezione semaforizzata;Una carreggiata a doppio senso;Asciutto;Asfaltata;Verticale ed orizzontale;Sereno;Intenso;Buona;Ore Diurne;3;0;0;2;12.49578;41.87968;-1;3;Autocarro inferiore 35 q.;In marcia / fermata / arresto;Conducente;M;Rifiuta cure immediate;0;NON DECEDUTO;Non accertato;
2059725;1;09/05/2014 10:00;Strada Urbana;PIAZZALE NUMA POMPILIO;all'intersezione semaforizzata con;VIALE DELLE TERME DI CARACALLA;VIALE DELLE TERME DI CARACALLA;;;Tamponamento Multiplo;Intersezione semaforizzata;Una carreggiata a doppio senso;Asciutto;Asfaltata;Verticale ed orizzontale;Sereno;Intenso;Buona;Ore Diurne;3;0;0;2;12.49578;41.87968;-1;3;Autocarro inferiore 35 q.;In marcia / fermata / arresto;Passeggero;M;Illeso;0;;Non accertato;
2059725;1;09/05/2014 10:00;Strada Urbana;PIAZZALE NUMA POMPILIO;all'intersezione semaforizzata con;VIALE DELLE TERME DI CARACALLA;VIALE DELLE TERME DI CARACALLA;;;Tamponamento Multiplo;Intersezione semaforizzata;Una carreggiata a doppio senso;Asciutto;Asfaltata;Verticale ed orizzontale;Sereno;Intenso;Buona;Ore Diurne;3;0;0;2;12.49578;41.87968;-1;3;Autocarro inferiore 35 q.;In marcia / fermata / arresto;Passeggero;M;Illeso;0;;Non accertato;
2059729;11;12/05/2014 00:30;Strada Urbana;VIALE GUGLIELMO MARCONI;in prossimità;;del civico n.;176;;Veicolo in marcia contro veicolo fermo;Rettilineo;Più di due carreggiate;Asciutto;Asfaltata;Verticale ed orizzontale;Sereno;Scarso;Sufficiente;Sufficiente;0;0;0;2;12.4687039;41.8656999;-1;1;Autovettura privata;In marcia / fermata / arresto;Conducente;M;Illeso;0;;Non accertato;Inesploso
2059729;11;12/05/2014 00:30;Strada Urbana;VIALE GUGLIELMO MARCONI;in prossimità;;del civico n.;176;;Veicolo in marcia contro veicolo fermo;Rettilineo;Più di due carreggiate;Asciutto;Asfaltata;Verticale ed orizzontale;Sereno;Scarso;Sufficiente;Sufficiente;0;0;0;2;12.4687039;41.8656999;-1;2;Motociclo a solo;In marcia / fermata / arresto;Conducente;M;Illeso;0;;Non accertato;
2059735;13;12/05/2014 12:20;Strada Urbana;VIA COSTANZO CASANA;all'intersezione con;VIA DELL'APPAGLIATORE;VIA DELL'APPAGLIATORE;;;Scontro frontale/laterale SX fra veicoli in marcia;Incrocio;Una carreggiata a doppio senso;Asciutto;Asfaltata;Verticale ed orizzontale;Sereno;Normale;Buona;Ore Diurne;1;0;0;3;12.26489;41.7379;-1;1;Autovettura privata;In marcia / fermata / arresto;Conducente;M;Rimandato;0;NON DECEDUTO;Non accertato;Inesploso
2059735;13;12/05/2014 12:20;Strada Urbana;VIA COSTANZO CASANA;all'intersezione con;VIA DELL'APPAGLIATORE;VIA DELL'APPAGLIATORE;;;Scontro frontale/laterale SX fra veicoli in marcia;Incrocio;Una carreggiata a doppio senso;Asciutto;Asfaltata;Verticale ed orizzontale;Sereno;Normale;Buona;Ore Diurne;1;0;0;3;12.26489;41.7379;-1;2;Autovettura privata;In marcia / fermata / arresto;Conducente;M;Illeso;0;;Non accertato;Inesploso
2059735;13;12/05/2014 12:20;Strada Urbana;VIA COSTANZO CASANA;all'intersezione con;VIA DELL'APPAGLIATORE;VIA DELL'APPAGLIATORE;;;Scontro frontale/laterale SX fra veicoli in marcia;Incrocio;Una carreggiata a doppio senso;Asciutto;Asfaltata;Verticale ed orizzontale;Sereno;Normale;Buona;Ore Diurne;1;0;0;3;12.26489;41.7379;-1;2;Autovettura privata;In marcia / fermata / arresto;Passeggero;F;Illeso;0;;Non accertato;Inesploso
2059735;13;12/05/2014 12:20;Strada Urbana;VIA COSTANZO CASANA;all'intersezione con;VIA DELL'APPAGLIATORE;VIA DELL'APPAGLIATORE;;;Scontro frontale/laterale SX fra veicoli in marcia;Incrocio;Una carreggiata a doppio senso;Asciutto;Asfaltata;Verticale ed orizzontale;Sereno;Normale;Buona;Ore Diurne;1;0;0;3;12.26489;41.7379;-1;3;Autovettura privata;In marcia / fermata / arresto;Conducente;F;Illeso;0;;Non accertato;Inesploso
2059739;7;12/05/2014 17:10;Strada Urbana;VIA DI TOR TRE TESTE;in corrispondenza;;del palo luce n.;78;;Tamponamento Multiplo;Rettilineo;Una carreggiata a doppio senso;Asciutto;Asfaltata;Orizzontale;Sereno;Intenso;Buona;Ore Diurne;0;0;0;3;12.59099;41.89227;-1;1;Autovettura privata;In marcia / fermata / arresto;Conducente;F;Illeso;0;;Non accertato;Inesploso
2059739;7;12/05/2014 17:10;Strada Urbana;VIA DI TOR TRE TESTE;in corrispondenza;;del palo luce n.;78;;Tamponamento Multiplo;Rettilineo;Una carreggiata a doppio senso;Asciutto;Asfaltata;Orizzontale;Sereno;Intenso;Buona;Ore Diurne;0;0;0;3;12.59099;41.89227;-1;2;Autovettura privata;In marcia / fermata / arresto;Conducente;M;Illeso;0;;Non accertato;Inesploso
2059739;7;12/05/2014 17:10;Strada Urbana;VIA DI TOR TRE TESTE;in corrispondenza;;del palo luce n.;78;;Tamponamento Multiplo;Rettilineo;Una carreggiata a doppio senso;Asciutto;Asfaltata;Orizzontale;Sereno;Intenso;Buona;Ore Diurne;0;0;0;3;12.59099;41.89227;-1;3;Autovettura privata;In marcia / fermata / arresto;Conducente;M;Illeso;0;;Non accertato;Esploso
2059743;11;12/05/2014 10:20;Strada Urbana;VIALE GIUSTINIANO IMPERATORE;all'intersezione con;VIA GALBA;VIA GALBA;;;Scontro frontale/laterale SX fra veicoli in marcia;Incrocio;Due carreggiate;Asciutto;Asfaltata;Verticale ed orizzontale;Nuvoloso;Normale;Buona;Ore Diurne;0;0;0;2;12.48692;41.85541;-1;1;Autovettura privata;In marcia / fermata / arresto;Conducente;F;Illeso;0;;;
2059743;11;12/05/2014 10:20;Strada Urbana;VIALE GIUSTINIANO IMPERATORE;all'intersezione con;VIA GALBA;VIA GALBA;;;Scontro frontale/laterale SX fra veicoli in marcia;Incrocio;Due carreggiate;Asciutto;Asfaltata;Verticale ed orizzontale;Nuvoloso;Normale;Buona;Ore Diurne;0;0;0;2;12.48692;41.85541;-1;2;Autovettura privata;In marcia / fermata / arresto;Conducente;M;Illeso;0;;;
2059745;13;12/05/2014 18:35;Strada Urbana;PIAZZA S. LEONARDO DA PORTO MAURIZIO;in prossimità;;del civico n.;4;;Veicolo in marcia contro veicolo arresto;Rettilineo;Una carreggiata a senso unico di marcia;Asciutto;Asfaltata;Verticale ed orizzontale;Sereno;Intenso;Buona;Ore Diurne;0;0;0;3;7.629348;43.804663;-1;1;Autovettura privata;In marcia / fermata / arresto;Conducente;F;Illeso;0;;Non accertato;Inesploso
2059745;13;12/05/2014 18:35;Strada Urbana;PIAZZA S. LEONARDO DA PORTO MAURIZIO;in prossimità;;del civico n.;4;;Veicolo in marcia contro veicolo arresto;Rettilineo;Una carreggiata a senso unico di marcia;Asciutto;Asfaltata;Verticale ed orizzontale;Sereno;Intenso;Buona;Ore Diurne;0;0;0;3;7.629348;43.804663;-1;1;Autovettura privata;In marcia / fermata / arresto;Passeggero;F;Illeso;0;;Non accertato;Inesploso
2059745;13;12/05/2014 18:35;Strada Urbana;PIAZZA S. LEONARDO DA PORTO MAURIZIO;in prossimità;;del civico n.;4;;Veicolo in marcia contro veicolo arresto;Rettilineo;Una carreggiata a senso unico di marcia;Asciutto;Asfaltata;Verticale ed orizzontale;Sereno;Intenso;Buona;Ore Diurne;0;0;0;3;7.629348;43.804663;-1;2;Autovettura privata;In marcia / fermata / arresto;Conducente;F;Illeso;0;;Non accertato;Inesploso
2059750;12;12/05/2014 16:00;Strada Urbana;VIALE DEI CADUTI PER LA RESISTENZA;all'intersezione con;VIA DEI CADUTI CIVILI;VIA DEI CADUTI CIVILI;;;Tamponamento;Incrocio;Una carreggiata a senso unico di marcia;Asciutto;Asfaltata;Verticale ed orizzontale;Sereno;Normale;Buona;Ore Diurne;0;0;0;4;12.44131;41.78351;-1;1;Autovettura privata;In marcia / fermata / arresto;Conducente;M;Illeso;0;;Non accertato;Inesploso
2059750;12;12/05/2014 16:00;Strada Urbana;VIALE DEI CADUTI PER LA RESISTENZA;all'intersezione con;VIA DEI CADUTI CIVILI;VIA DEI CADUTI CIVILI;;;Tamponamento;Incrocio;Una carreggiata a senso unico di marcia;Asciutto;Asfaltata;Verticale ed orizzontale;Sereno;Normale;Buona;Ore Diurne;0;0;0;4;12.44131;41.78351;-1;1;Autovettura privata;In marcia / fermata / arresto;Passeggero;M;Illeso;0;;Utilizzato;Inesploso
2059750;12;12/05/2014 16:00;Strada Urbana;VIALE DEI CADUTI PER LA RESISTENZA;all'intersezione con;VIA DEI CADUTI CIVILI;VIA DEI CADUTI CIVILI;;;Tamponamento;Incrocio;Una carreggiata a senso unico di marcia;Asciutto;Asfaltata;Verticale ed orizzontale;Sereno;Normale;Buona;Ore Diurne;0;0;0;4;12.44131;41.78351;-1;1;Autovettura privata;In marcia / fermata / arresto;Passeggero;F;Illeso;0;;Utilizzato;Inesploso
2059750;12;12/05/2014 16:00;Strada Urbana;VIALE DEI CADUTI PER LA RESISTENZA;all'intersezione con;VIA DEI CADUTI CIVILI;VIA DEI CADUTI CIVILI;;;Tamponamento;Incrocio;Una carreggiata a senso unico di marcia;Asciutto;Asfaltata;Verticale ed orizzontale;Sereno;Normale;Buona;Ore Diurne;0;0;0;4;12.44131;41.78351;-1;2;Autobus di linea;In marcia / fermata / arresto;Conducente;M;Illeso;0;;Utilizzato;Inesploso
2059753;1;09/05/2014 13:00;Strada Urbana;VIA GIOVANNI GIOLITTI;in prossimità;;del civico n.;4;;Veicolo in marcia contro veicolo fermo;Rettilineo;Una carreggiata a senso unico di marcia;Asciutto;Asfaltata;Verticale ed orizzontale;Sereno;Intenso;Buona;Ore Diurne;1;0;0;2;12.50096;41.90017;-1;1;Motociclo di polizia;In marcia / fermata / arresto;Conducente;M;Rifiuta cure immediate;0;NON DECEDUTO;;
2059753;1;09/05/2014 13:00;Strada Urbana;VIA GIOVANNI GIOLITTI;in prossimità;;del civico n.;4;;Veicolo in marcia contro veicolo fermo;Rettilineo;Una carreggiata a senso unico di marcia;Asciutto;Asfaltata;Verticale ed orizzontale;Sereno;Intenso;Buona;Ore Diurne;1;0;0;2;12.50096;41.90017;-1;2;Autovettura pubblica;In marcia / fermata / arresto;Conducente;F;Illeso;0;;Non accertato;
2059753;1;09/05/2014 13:00;Strada Urbana;VIA GIOVANNI GIOLITTI;in prossimità;;del civico n.;4;;Veicolo in marcia contro veicolo fermo;Rettilineo;Una carreggiata a senso unico di marcia;Asciutto;Asfaltata;Verticale ed orizzontale;Sereno;Intenso;Buona;Ore Diurne;1;0;0;2;12.50096;41.90017;-1;2;Autovettura pubblica;In marcia / fermata / arresto;Passeggero;M;Illeso;0;;Non accertato;
2059754;7;12/05/2014 18:30;Strada Urbana;VIALE PALMIRO TOGLIATTI;in prossimità;;del civico n.;840;;Tamponamento Multiplo;Rettilineo;Due carreggiate;Asciutto;Asfaltata;Verticale ed orizzontale;Sereno;Intenso;Buona;Ore Diurne;0;0;0;5;12.57373;41.88706;-1;1;Autovettura privata;In marcia / fermata / arresto;Conducente;M;Illeso;0;;Non accertato;Inesploso
2059754;7;12/05/2014 18:30;Strada Urbana;VIALE PALMIRO TOGLIATTI;in prossimità;;del civico n.;840;;Tamponamento Multiplo;Rettilineo;Due carreggiate;Asciutto;Asfaltata;Verticale ed orizzontale;Sereno;Intenso;Buona;Ore Diurne;0;0;0;5;12.57373;41.88706;-1;1;Autovettura privata;In marcia / fermata / arresto;Passeggero;M;Illeso;0;;Non accertato;Inesploso
2059754;7;12/05/2014 18:30;Strada Urbana;VIALE PALMIRO TOGLIATTI;in prossimità;;del civico n.;840;;Tamponamento Multiplo;Rettilineo;Due carreggiate;Asciutto;Asfaltata;Verticale ed orizzontale;Sereno;Intenso;Buona;Ore Diurne;0;0;0;5;12.57373;41.88706;-1;2;Autovettura privata;In marcia / fermata / arresto;Conducente;M;Illeso;0;;Non accertato;Inesploso
2059754;7;12/05/2014 18:30;Strada Urbana;VIALE PALMIRO TOGLIATTI;in prossimità;;del civico n.;840;;Tamponamento Multiplo;Rettilineo;Due carreggiate;Asciutto;Asfaltata;Verticale ed orizzontale;Sereno;Intenso;Buona;Ore Diurne;0;0;0;5;12.57373;41.88706;-1;2;Autovettura privata;In marcia / fermata / arresto;Passeggero;M;Illeso;0;;Non accertato;Inesploso
2059754;7;12/05/2014 18:30;Strada Urbana;VIALE PALMIRO TOGLIATTI;in prossimità;;del civico n.;840;;Tamponamento Multiplo;Rettilineo;Due carreggiate;Asciutto;Asfaltata;Verticale ed orizzontale;Sereno;Intenso;Buona;Ore Diurne;0;0;0;5;12.57373;41.88706;-1;3;Autovettura privata;In marcia / fermata / arresto;Conducente;M;Illeso;0;;Non accertato;Inesploso
2059757;13;12/05/2014 16:00;Provinciale;VIA DEL MARE;da specificare;;;;in prossimità di VIA GUIDO CALZA;Tamponamento;Curva a visuale libera;Una carreggiata a senso unico di marcia;Asciutto;Asfaltata;Verticale ed orizzontale;Sereno;Normale;Buona;Ore Diurne;0;0;0;4;12.48786;41.66404;-1;1;Autovettura privata;In marcia / fermata / arresto;Conducente;F;Illeso;0;;Non accertato;Inesploso
2059757;13;12/05/2014 16:00;Provinciale;VIA DEL MARE;da specificare;;;;in prossimità di VIA GUIDO CALZA;Tamponamento;Curva a visuale libera;Una carreggiata a senso unico di marcia;Asciutto;Asfaltata;Verticale ed orizzontale;Sereno;Normale;Buona;Ore Diurne;0;0;0;4;12.48786;41.66404;-1;2;Autovettura privata;In marcia / fermata / arresto;Conducente;F;Illeso;0;;Non accertato;Inesploso
2059757;13;12/05/2014 16:00;Provinciale;VIA DEL MARE;da specificare;;;;in prossimità di VIA GUIDO CALZA;Tamponamento;Curva a visuale libera;Una carreggiata a senso unico di marcia;Asciutto;Asfaltata;Verticale ed orizzontale;Sereno;Normale;Buona;Ore Diurne;0;0;0;4;12.48786;41.66404;-1;2;Autovettura privata;In marcia / fermata / arresto;Passeggero;M;Illeso;0;;Non accertato;Inesploso
2059757;13;12/05/2014 16:00;Provinciale;VIA DEL MARE;da specificare;;;;in prossimità di VIA GUIDO CALZA;Tamponamento;Curva a visuale libera;Una carreggiata a senso unico di marcia;Asciutto;Asfaltata;Verticale ed orizzontale;Sereno;Normale;Buona;Ore Diurne;0;0;0;4;12.48786;41.66404;-1;2;Autovettura privata;In marcia / fermata / arresto;Passeggero;F;Illeso;0;;Non accertato;Inesploso
2059759;16;11/05/2014 20:30;Strada Urbana;VIA DELLA PISANA;all'intersezione con;VIA DEI BONACOLSI;VIA DEI BONACOLSI;;;Scontro frontale/laterale SX fra veicoli in marcia;Incrocio;Una carreggiata a doppio senso;Asciutto;Asfaltata;Verticale;Sereno;Normale;Sufficiente;Sufficiente;0;0;0;2;12.39764;41.85757;-1;1;Autovettura privata;In marcia / fermata / arresto;Conducente;F;Illeso;0;;Non accertato;
2059759;16;11/05/2014 20:30;Strada Urbana;VIA DELLA PISANA;all'intersezione con;VIA DEI BONACOLSI;VIA DEI BONACOLSI;;;Scontro frontale/laterale SX fra veicoli in marcia;Incrocio;Una carreggiata a doppio senso;Asciutto;Asfaltata;Verticale;Sereno;Normale;Sufficiente;Sufficiente;0;0;0;2;12.39764;41.85757;-1;2;Motociclo a solo;In marcia / fermata / arresto;Conducente;M;Illeso;0;;Non accertato;
2059760;13;12/05/2014 12:55;Strada Urbana;VIA DELLE ALEUTINE;all'intersezione con;VIA DELLE BALEARI;VIA DELLE BALEARI;;;Scontro frontale/laterale DX fra veicoli in marcia;Incrocio;Una carreggiata a senso unico di marcia;Asciutto;Asfaltata;Verticale;Sereno;Normale;Buona;Ore Diurne;1;0;0;1;12.27881;41.73742;-1;1;Autovettura privata;In marcia / fermata / arresto;Conducente;F;Rimandato;0;NON DECEDUTO;Non accertato;Inesploso
2059760;13;12/05/2014 12:55;Strada Urbana;VIA DELLE ALEUTINE;all'intersezione con;VIA DELLE BALEARI;VIA DELLE BALEARI;;;Scontro frontale/laterale DX fra veicoli in marcia;Incrocio;Una carreggiata a senso unico di marcia;Asciutto;Asfaltata;Verticale;Sereno;Normale;Buona;Ore Diurne;1;0;0;1;12.27881;41.73742;-1;2;Autovettura privata;In marcia / fermata / arresto;Conducente;M;Illeso;0;;Non accertato;Inesploso
2059773;13;12/05/2014 18:55;Strada Urbana;VIA CAPO SPARTIVENTO;all'intersezione con;VIA ALESSANDRO PIOLA CASELLI;VIA ALESSANDRO PIOLA CASELLI;;;Scontro frontale/laterale DX fra veicoli in marcia;Incrocio;Due carreggiate;Asciutto;Asfaltata;Verticale ed orizzontale;Sereno;Normale;Buona;Ore Diurne;0;0;0;4;12.28621;41.73795;-1;1;Autovettura privata;In marcia / fermata / arresto;Conducente;F;Illeso;0;;Non accertato;Inesploso
2059773;13;12/05/2014 18:55;Strada Urbana;VIA CAPO SPARTIVENTO;all'intersezione con;VIA ALESSANDRO PIOLA CASELLI;VIA ALESSANDRO PIOLA CASELLI;;;Scontro frontale/laterale DX fra veicoli in marcia;Incrocio;Due carreggiate;Asciutto;Asfaltata;Verticale ed orizzontale;Sereno;Normale;Buona;Ore Diurne;0;0;0;4;12.28621;41.73795;-1;2;Autovettura privata;In marcia / fermata / arresto;Conducente;M;Illeso;0;;Non accertato;Inesploso
2059773;13;12/05/2014 18:55;Strada Urbana;VIA CAPO SPARTIVENTO;all'intersezione con;VIA ALESSANDRO PIOLA CASELLI;VIA ALESSANDRO PIOLA CASELLI;;;Scontro frontale/laterale DX fra veicoli in marcia;Incrocio;Due carreggiate;Asciutto;Asfaltata;Verticale ed orizzontale;Sereno;Normale;Buona;Ore Diurne;0;0;0;4;12.28621;41.73795;-1;2;Autovettura privata;In marcia / fermata / arresto;Passeggero;F;Illeso;0;;Non accertato;Inesploso
2059773;13;12/05/2014 18:55;Strada Urbana;VIA CAPO SPARTIVENTO;all'intersezione con;VIA ALESSANDRO PIOLA CASELLI;VIA ALESSANDRO PIOLA CASELLI;;;Scontro frontale/laterale DX fra veicoli in marcia;Incrocio;Due carreggiate;Asciutto;Asfaltata;Verticale ed orizzontale;Sereno;Normale;Buona;Ore Diurne;0;0;0;4;12.28621;41.73795;-1;2;Autovettura privata;In marcia / fermata / arresto;Passeggero;M;Illeso;0;;Non accertato;Inesploso
2059776;1;09/05/2014 16:50;Strada Urbana;VIALE MARCO POLO;in prossimità;;del civico n.;106/C;;Tamponamento;Curva a visuale libera;Più di due carreggiate;Asciutto;Asfaltata;Verticale ed orizzontale;Sereno;Normale;Buona;Ore Diurne;1;0;0;1;12.49044;41.87212;-1;1;Autovettura privata;In marcia / fermata / arresto;Conducente;M;Illeso;0;;Non accertato;
2059776;1;09/05/2014 16:50;Strada Urbana;VIALE MARCO POLO;in prossimità;;del civico n.;106/C;;Tamponamento;Curva a visuale libera;Più di due carreggiate;Asciutto;Asfaltata;Verticale ed orizzontale;Sereno;Normale;Buona;Ore Diurne;1;0;0;1;12.49044;41.87212;-1;2;Motociclo a solo;In marcia / fermata / arresto;Conducente;F;Rifiuta cure immediate;0;NON DECEDUTO;Non accertato;
2059783;18;11/05/2014 11:45;Strada Urbana;VIA AURELIA;da specificare;;;;in prossimita' di Largo Perassi;Tamponamento;Rettilineo;Due carreggiate;Asciutto;Asfaltata;Verticale ed orizzontale;Sereno;Normale;Buona;Ore Diurne;0;0;0;2;12.40908;41.88944;-1;1;Autovettura privata;In marcia / fermata / arresto;Conducente;M;Illeso;0;;Non accertato;Inesploso
2059783;18;11/05/2014 11:45;Strada Urbana;VIA AURELIA;da specificare;;;;in prossimita' di Largo Perassi;Tamponamento;Rettilineo;Due carreggiate;Asciutto;Asfaltata;Verticale ed orizzontale;Sereno;Normale;Buona;Ore Diurne;0;0;0;2;12.40908;41.88944;-1;1;Autovettura privata;In marcia / fermata / arresto;Passeggero;F;Illeso;0;;Non accertato;Inesploso
2059792;2;09/05/2014 11:30;Strada Urbana;LARGO DI VILLA PAGANINI;in corrispondenza;;del civico n.;6;;Veicolo in marcia contro veicolo fermo;Rettilineo;Una carreggiata a senso unico di marcia;Asciutto;Asfaltata;Orizzontale;Sereno;Normale;Sufficiente;Ore Diurne;0;0;0;3;12.508304;41.9160839;-1;1;Autovettura privata;In marcia / fermata / arresto;Conducente;F;Illeso;0;;Non accertato;
2059792;2;09/05/2014 11:30;Strada Urbana;LARGO DI VILLA PAGANINI;in corrispondenza;;del civico n.;6;;Veicolo in marcia contro veicolo fermo;Rettilineo;Una carreggiata a senso unico di marcia;Asciutto;Asfaltata;Orizzontale;Sereno;Normale;Sufficiente;Ore Diurne;0;0;0;3;12.508304;41.9160839;-1;2;Autovettura privata;In marcia / fermata / arresto;Conducente;M;Illeso;0;;Non accertato;Inesploso
2059792;2;09/05/2014 11:30;Strada Urbana;LARGO DI VILLA PAGANINI;in corrispondenza;;del civico n.;6;;Veicolo in marcia contro veicolo fermo;Rettilineo;Una carreggiata a senso unico di marcia;Asciutto;Asfaltata;Orizzontale;Sereno;Normale;Sufficiente;Ore Diurne;0;0;0;3;12.508304;41.9160839;-1;2;Autovettura privata;In marcia / fermata / arresto;Passeggero;M;Illeso;0;;Non accertato;Inesploso
2059793;13;12/05/2014 19:53;Strada Urbana;VIA DI MACCHIA SAPONARA;all'intersezione con;VIA ARCHELAO DI MILETO;VIA ARCHELAO DI MILETO;;;Scontro laterale fra veicoli in marcia;Incrocio;Una carreggiata a doppio senso;Asciutto;Asfaltata;Assente;Sereno;Normale;Buona;Ore Diurne;1;0;0;1;12.35711;41.76826;-1;1;Motociclo con passeggero;In marcia / fermata / arresto;Conducente;M;Rimandato;0;NON DECEDUTO;Non accertato;
2059793;13;12/05/2014 19:53;Strada Urbana;VIA DI MACCHIA SAPONARA;all'intersezione con;VIA ARCHELAO DI MILETO;VIA ARCHELAO DI MILETO;;;Scontro laterale fra veicoli in marcia;Incrocio;Una carreggiata a doppio senso;Asciutto;Asfaltata;Assente;Sereno;Normale;Buona;Ore Diurne;1;0;0;1;12.35711;41.76826;-1;2;Autovettura privata;In marcia / fermata / arresto;Conducente;M;Illeso;0;;Non accertato;Inesploso
2059802;19;13/05/2014 09:05;Strada Urbana;VIA DI SELVA CANDIDA;all'intersezione con;VIA FORNO SARACENO;VIA FORNO SARACENO;;;Infortunio per sola frenata improvvisa;Incrocio;Una carreggiata a doppio senso;Bagnato (pioggia);Asfaltata;Verticale ed orizzontale;Pioggia in atto;Normale;Buona;Ore Diurne;1;0;0;1;12.37591;41.92877;-1;1;Autovettura privata;In marcia / fermata / arresto;Conducente;F;Illeso;0;;Non accertato;Inesistente
2059802;19;13/05/2014 09:05;Strada Urbana;VIA DI SELVA CANDIDA;all'intersezione con;VIA FORNO SARACENO;VIA FORNO SARACENO;;;Infortunio per sola frenata improvvisa;Incrocio;Una carreggiata a doppio senso;Bagnato (pioggia);Asfaltata;Verticale ed orizzontale;Pioggia in atto;Normale;Buona;Ore Diurne;1;0;0;1;12.37591;41.92877;-1;2;Motociclo a solo;In marcia / fermata / arresto;Conducente;M;Rimandato;0;NON DECEDUTO;Non accertato;Inesistente
2059813;1;09/05/2014 07:50;Strada Urbana;VIA CAVOUR;all'intersezione con;LARGO VISCONTI VENOSTA;LARGO VISCONTI VENOSTA;;;Scontro laterale fra veicoli in marcia;Intersezione stradale segnalata;Una carreggiata a doppio senso;Asciutto;Asfaltata;Verticale ed orizzontale;Sereno;Normale;Buona;Ore Diurne;1;0;0;2;12.49374;41.89478;-1;1;Autocarro inferiore 35 q.;In marcia / fermata / arresto;Conducente;M;Illeso;0;;Non accertato;
2059813;1;09/05/2014 07:50;Strada Urbana;VIA CAVOUR;all'intersezione con;LARGO VISCONTI VENOSTA;LARGO VISCONTI VENOSTA;;;Scontro laterale fra veicoli in marcia;Intersezione stradale segnalata;Una carreggiata a doppio senso;Asciutto;Asfaltata;Verticale ed orizzontale;Sereno;Normale;Buona;Ore Diurne;1;0;0;2;12.49374;41.89478;-1;1;Autocarro inferiore 35 q.;In marcia / fermata / arresto;Passeggero;M;Illeso;0;;Non accertato;
2059813;1;09/05/2014 07:50;Strada Urbana;VIA CAVOUR;all'intersezione con;LARGO VISCONTI VENOSTA;LARGO VISCONTI VENOSTA;;;Scontro laterale fra veicoli in marcia;Intersezione stradale segnalata;Una carreggiata a doppio senso;Asciutto;Asfaltata;Verticale ed orizzontale;Sereno;Normale;Buona;Ore Diurne;1;0;0;2;12.49374;41.89478;-1;2;Motociclo a solo;In marcia / fermata / arresto;Conducente;M;Rimandato;0;NON DECEDUTO;Non accertato;
2059825;1;13/05/2014 11:00;Strada Urbana;VIA LABICANA;in prossimità;;del civico n.;1;;Scontro laterale fra veicoli in marcia;Rettilineo;Due carreggiate;Asciutto;Asfaltata;Verticale ed orizzontale;Sereno;Normale;Sufficiente;Ore Diurne;1;0;0;2;12.50343;41.88938;-1;1;Autovettura privata;In marcia / fermata / arresto;Conducente;M;Illeso;0;;;
2059825;1;13/05/2014 11:00;Strada Urbana;VIA LABICANA;in prossimità;;del civico n.;1;;Scontro laterale fra veicoli in marcia;Rettilineo;Due carreggiate;Asciutto;Asfaltata;Verticale ed orizzontale;Sereno;Normale;Sufficiente;Ore Diurne;1;0;0;2;12.50343;41.88938;-1;1;Autovettura privata;In marcia / fermata / arresto;Passeggero;F;Rimandato;0;NON DECEDUTO;;