Protocollo;Gruppo;DataOraIncidente;Localizzazione1;STRADA1;Localizzazione2;STRADA2;Strada02;Chilometrica;DaSpecificare;NaturaIncidente;particolaritastrade;TipoStrada;FondoStradale;Pavimentazione;Segnaletica;CondizioneAtmosferica;Traffico;Visibilita;Illuminazione;NUM_FERITI;NUM_RISERVATA;NUM_MORTI;NUM_ILLESI;Longitudine;Latitudine;Confermato;Progressivo;TipoVeicolo;StatoVeicolo;TipoPersona;Sesso;Tipolesione;Deceduto;DecedutoDopo;CinturaCascoUtilizzato;Airbag
2060860;18;12/05/2014 07:00;Strada Urbana;VIA DELLA MAGLIANELLA;in prossimità;;del civico n.;332;;Tamponamento;Rettilineo;Una carreggiata a senso unico di marcia;Asciutto;Asfaltata;Verticale ed orizzontale;Sereno;Intenso;Buona;Ore Diurne;1;0;0;1;12.38415;41.91411;-1;2;Motociclo a solo;In marcia / fermata / arresto;Conducente;M;Rimandato;0;NON DECEDUTO;Utilizzato;
2060873;1;11/05/2014 18:55;Strada Urbana;LUNGOTEVERE DE' CENCI;all'intersezione con;VIA DEL TEMPIO;VIA DEL TEMPIO;;;Scontro frontale/laterale DX fra veicoli in marcia;Intersezione stradale segnalata;Una carreggiata a senso unico di marcia;Asciutto;Asfaltata;Verticale ed orizzontale;Sereno;Scarso;Buona;Ore Diurne;2;0;0;1;12.47748;41.89186;-1;1;Motociclo con passeggero;In marcia / fermata / arresto;Conducente;M;Rimandato;0;NON DECEDUTO;;
2060873;1;11/05/2014 18:55;Strada Urbana;LUNGOTEVERE DE' CENCI;all'intersezione con;VIA DEL TEMPIO;VIA DEL TEMPIO;;;Scontro frontale/laterale DX fra veicoli in marcia;Intersezione stradale segnalata;Una carreggiata a senso unico di marcia;Asciutto;Asfaltata;Verticale ed orizzontale;Sereno;Scarso;Buona;Ore Diurne;2;0;0;1;12.47748;41.89186;-1;1;Motociclo con passeggero;In marcia / fermata / arresto;Passeggero;F;Rifiuta cure immediate;0;NON DECEDUTO;Non accertato;
2060873;1;11/05/2014 18:55;Strada Urbana;LUNGOTEVERE DE' CENCI;all'intersezione con;VIA DEL TEMPIO;VIA DEL TEMPIO;;;Scontro frontale/laterale DX fra veicoli in marcia;Intersezione stradale segnalata;Una carreggiata a senso unico di marcia;Asciutto;Asfaltata;Verticale ed orizzontale;Sereno;Scarso;Buona;Ore Diurne;2;0;0;1;12.47748;41.89186;-1;2;Autovettura privata;In marcia / fermata / arresto;Conducente;M;Illeso;0;;Non accertato;
2060893;1;12/05/2014 08:40;Strada Urbana;VIA VITTORIO VENETO;in prossimità;;del civico n.;19;;Investimento di pedone;Rettilineo;Una carreggiata a doppio senso;Asciutto;Asfaltata;Verticale ed orizzontale;Nuvoloso;Normale;Buona;Ore Diurne;2;0;0;0;12.48839;41.90448;-1;;;;Pedone;F;Rimandato;0;NON DECEDUTO;;
2060893;1;12/05/2014 08:40;Strada Urbana;VIA VITTORIO VENETO;in prossimità;;del civico n.;19;;Investimento di pedone;Rettilineo;Una carreggiata a doppio senso;Asciutto;Asfaltata;Verticale ed orizzontale;Nuvoloso;Normale;Buona;Ore Diurne;2;0;0;0;12.48839;41.90448;-1;1;Motociclo a solo;In marcia / fermata / arresto;Conducente;M;Rifiuta cure immediate;0;NON DECEDUTO;;
2060917;1;12/05/2014 10:50;Strada Urbana;VIA AMERIGO VESPUCCI;all'intersezione con;VIA ROMOLO GESSI;VIA ROMOLO GESSI;;;Scontro frontale/laterale DX fra veicoli in marcia;Incrocio;Una carreggiata a senso unico di marcia;Asciutto;Acciotolata;Verticale ed orizzontale;Nuvoloso;Scarso;Buona;Ore Diurne;1;0;0;1;12.47497;41.88139;-1;1;Autovettura privata;In marcia / fermata / arresto;Conducente;F;Illeso;0;;;
2060917;1;12/05/2014 10:50;Strada Urbana;VIA AMERIGO VESPUCCI;all'intersezione con;VIA ROMOLO GESSI;VIA ROMOLO GESSI;;;Scontro frontale/laterale DX fra veicoli in marcia;Incrocio;Una carreggiata a senso unico di marcia;Asciutto;Acciotolata;Verticale ed orizzontale;Nuvoloso;Scarso;Buona;Ore Diurne;1;0;0;1;12.47497;41.88139;-1;2;Autovettura privata;In marcia / fermata / arresto;Conducente;F;Rifiuta cure immediate;0;NON DECEDUTO;;
2060931;18;12/05/2014 13:00;Strada Urbana;VIA MATTIA BATTISTINI;in prossimità;;del civico n.;36a;;Scontro frontale/laterale SX fra veicoli in marcia;Rettilineo;Una carreggiata a doppio senso;Asciutto;Asfaltata;Verticale ed orizzontale;Sereno;Normale;Buona;Ore Diurne;0;0;0;2;12.41193;41.90592;-1;1;Autovettura privata;In marcia / fermata / arresto;Conducente;F;Illeso;0;;Non accertato;Inesploso
2060931;18;12/05/2014 13:00;Strada Urbana;VIA MATTIA BATTISTINI;in prossimità;;del civico n.;36a;;Scontro frontale/laterale SX fra veicoli in marcia;Rettilineo;Una carreggiata a doppio senso;Asciutto;Asfaltata;Verticale ed orizzontale;Sereno;Normale;Buona;Ore Diurne;0;0;0;2;12.41193;41.90592;-1;2;Autovettura privata;In marcia / fermata / arresto;Conducente;F;Illeso;0;;Non accertato;Inesploso
2060933;1;12/05/2014 17:25;Strada Urbana;VIA VITTORIO EMANUELE ORLANDO;in prossimità;;del palo luce n.;5;;Scontro laterale fra veicoli in marcia;Rettilineo;Una carreggiata a senso unico di marcia;Asciutto;Acciotolata;Verticale ed orizzontale;Sereno;Intenso;Buona;Ore Diurne;0;0;0;3;12.49522;41.90364;-1;1;Autovettura privata;In marcia / fermata / arresto;Conducente;M;Illeso;0;;Non accertato;
2060933;1;12/05/2014 17:25;Strada Urbana;VIA VITTORIO EMANUELE ORLANDO;in prossimità;;del palo luce n.;5;;Scontro laterale fra veicoli in marcia;Rettilineo;Una carreggiata a senso unico di marcia;Asciutto;Acciotolata;Verticale ed orizzontale;Sereno;Intenso;Buona;Ore Diurne;0;0;0;3;12.49522;41.90364;-1;2;Autocarro inferiore 35 q.;In marcia / fermata / arresto;Conducente;M;Illeso;0;;Non accertato;
2060933;1;12/05/2014 17:25;Strada Urbana;VIA VITTORIO EMANUELE ORLANDO;in prossimità;;del palo luce n.;5;;Scontro laterale fra veicoli in marcia;Rettilineo;Una carreggiata a senso unico di marcia;Asciutto;Acciotolata;Verticale ed orizzontale;Sereno;Intenso;Buona;Ore Diurne;0;0;0;3;12.49522;41.90364;-1;2;Autocarro inferiore 35 q.;In marcia / fermata / arresto;Passeggero;M;Illeso;0;;Non accertato;
2060954;1;12/05/2014 14:45;Strada Urbana;PIAZZA TESTACCIO;in prossimità;;del civico n.;33;;Scontro laterale fra veicoli in marcia;Rettilineo;Una carreggiata a senso unico di marcia;Asciutto;Asfaltata;Verticale ed orizzontale;Sereno;Scarso;Buona;Ore Diurne;0;0;0;3;12.47722;41.87987;-1;1;Autocarro inferiore 35 q.;In marcia / fermata / arresto;Conducente;M;Illeso;0;;;
2060954;1;12/05/2014 14:45;Strada Urbana;PIAZZA TESTACCIO;in prossimità;;del civico n.;33;;Scontro laterale fra veicoli in marcia;Rettilineo;Una carreggiata a senso unico di marcia;Asciutto;Asfaltata;Verticale ed orizzontale;Sereno;Scarso;Buona;Ore Diurne;0;0;0;3;12.47722;41.87987;-1;2;Autovettura privata;In marcia / fermata / arresto;Conducente;M;Illeso;0;;;
2060954;1;12/05/2014 14:45;Strada Urbana;PIAZZA TESTACCIO;in prossimità;;del civico n.;33;;Scontro laterale fra veicoli in marcia;Rettilineo;Una carreggiata a senso unico di marcia;Asciutto;Asfaltata;Verticale ed orizzontale;Sereno;Scarso;Buona;Ore Diurne;0;0;0;3;12.47722;41.87987;-1;2;Autovettura privata;In marcia / fermata / arresto;Passeggero;F;Illeso;0;;;
2060969;1;12/05/2014 12:45;Strada Urbana;VIA DEL CASTRO PRETORIO;all'intersezione con;VIA MARSALA;VIA MARSALA;;;Tamponamento;Incrocio;Una carreggiata a doppio senso;Asciutto;Asfaltata;Verticale ed orizzontale;Nuvoloso;Intenso;Buona;Ore Diurne;0;0;0;2;12.50468;41.90099;-1;1;Autovettura privata;In marcia / fermata / arresto;Conducente;M;Illeso;0;;Non accertato;
2060969;1;12/05/2014 12:45;Strada Urbana;VIA DEL CASTRO PRETORIO;all'intersezione con;VIA MARSALA;VIA MARSALA;;;Tamponamento;Incrocio;Una carreggiata a doppio senso;Asciutto;Asfaltata;Verticale ed orizzontale;Nuvoloso;Intenso;Buona;Ore Diurne;0;0;0;2;12.50468;41.90099;-1;2;Autovettura privata;In marcia / fermata / arresto;Conducente;F;Illeso;0;;Non accertato;
2061007;1;13/05/2014 10:15;Strada Urbana;VIA DEL TRITONE;in corrispondenza;;del civico n.;124;;Investimento di pedone;Rettilineo;Una carreggiata a doppio senso;Bagnato (pioggia);Asfaltata;Verticale ed orizzontale;Pioggia in atto;Normale;Buona;Ore Diurne;1;0;0;1;12.48768;41.90339;-1;;;;Pedone;F;Rimandato;0;NON DECEDUTO;;
2061007;1;13/05/2014 10:15;Strada Urbana;VIA DEL TRITONE;in corrispondenza;;del civico n.;124;;Investimento di pedone;Rettilineo;Una carreggiata a doppio senso;Bagnato (pioggia);Asfaltata;Verticale ed orizzontale;Pioggia in atto;Normale;Buona;Ore Diurne;1;0;0;1;12.48768;41.90339;-1;1;Motociclo a solo;In marcia / fermata / arresto;Conducente;M;Illeso;0;;Non accertato;
2061040;1;13/05/2014 11:00;Strada Urbana;PIAZZA DI S. MARIA LIBERATRICE;all'intersezione con;VIA ROMOLO GESSI;VIA ROMOLO GESSI;;;Scontro laterale fra veicoli in marcia;Incrocio;Una carreggiata a senso unico di marcia;Bagnato (umidità in atto);Asfaltata;Verticale ed orizzontale;Nuvoloso;Normale;Buona;Ore Diurne;0;0;0;2;12.47561;41.88089;-1;1;Autovettura privata;In marcia / fermata / arresto;Conducente;M;Illeso;0;;Non accertato;
2061040;1;13/05/2014 11:00;Strada Urbana;PIAZZA DI S. MARIA LIBERATRICE;all'intersezione con;VIA ROMOLO GESSI;VIA ROMOLO GESSI;;;Scontro laterale fra veicoli in marcia;Incrocio;Una carreggiata a senso unico di marcia;Bagnato (umidità in atto);Asfaltata;Verticale ed orizzontale;Nuvoloso;Normale;Buona;Ore Diurne;0;0;0;2;12.47561;41.88089;-1;2;Autovettura privata;In marcia / fermata / arresto;Conducente;M;Illeso;0;;Non accertato;
2061084;1;13/05/2014 08:55;Strada Urbana;VIALE GIOTTO;all'intersezione con;VIA ANDREA PALLADIO;VIA ANDREA PALLADIO;;;Scontro frontale/laterale SX fra veicoli in marcia;Incrocio;Una carreggiata a doppio senso;Asciutto;Asfaltata;Verticale ed orizzontale;Nuvoloso;Normale;Buona;Ore Diurne;1;0;0;1;12.48627;41.87673;-1;1;Autovettura privata;In marcia / fermata / arresto;Conducente;M;Illeso;0;;Non accertato;
2061084;1;13/05/2014 08:55;Strada Urbana;VIALE GIOTTO;all'intersezione con;VIA ANDREA PALLADIO;VIA ANDREA PALLADIO;;;Scontro frontale/laterale SX fra veicoli in marcia;Incrocio;Una carreggiata a doppio senso;Asciutto;Asfaltata;Verticale ed orizzontale;Nuvoloso;Normale;Buona;Ore Diurne;1;0;0;1;12.48627;41.87673;-1;2;Autovettura privata;In marcia / fermata / arresto;Conducente;F;Rifiuta cure immediate;0;NON DECEDUTO;Non accertato;
2061095;1;13/05/2014 11:30;Strada Urbana;CORSO VITTORIO EMANUELE II;all'intersezione con;VIA MONTERONE;VIA MONTERONE;;;Tamponamento Multiplo;Incrocio;Una carreggiata a doppio senso;Asciutto;Asfaltata;Verticale ed orizzontale;Nuvoloso;Intenso;Buona;Ore Diurne;1;0;0;2;12.47144;41.89721;-1;1;Motociclo a solo;In marcia / fermata / arresto;Conducente;M;Rimandato;0;NON DECEDUTO;Utilizzato;
2061095;1;13/05/2014 11:30;Strada Urbana;CORSO VITTORIO EMANUELE II;all'intersezione con;VIA MONTERONE;VIA MONTERONE;;;Tamponamento Multiplo;Incrocio;Una carreggiata a doppio senso;Asciutto;Asfaltata;Verticale ed orizzontale;Nuvoloso;Intenso;Buona;Ore Diurne;1;0;0;2;12.47144;41.89721;-1;2;Veicolo speciale;In marcia / fermata / arresto;Conducente;M;Illeso;0;;Non accertato;
2061095;1;13/05/2014 11:30;Strada Urbana;CORSO VITTORIO EMANUELE II;all'intersezione con;VIA MONTERONE;VIA MONTERONE;;;Tamponamento Multiplo;Incrocio;Una carreggiata a doppio senso;Asciutto;Asfaltata;Verticale ed orizzontale;Nuvoloso;Intenso;Buona;Ore Diurne;1;0;0;2;12.47144;41.89721;-1;3;Autovettura privata;In marcia / fermata / arresto;Conducente;M;Illeso;0;;Non accertato;
2061107;1;13/05/2014 18:40;Strada Urbana;LARGO CORRADO RICCI;all'intersezione semaforizzata con;VIA DEI FORI IMPERIALI;VIA DEI FORI IMPERIALI;;;Investimento di pedone;Intersezione semaforizzata;Una carreggiata a doppio senso;Asciutto;In cubetti di porfido;Verticale ed orizzontale;Nuvoloso;Normale;Buona;Ore Diurne;0;0;0;2;12.48728;41.89312;-1;;;;Pedone;M;Illeso;0;;;
2061107;1;13/05/2014 18:40;Strada Urbana;LARGO CORRADO RICCI;all'intersezione semaforizzata con;VIA DEI FORI IMPERIALI;VIA DEI FORI IMPERIALI;;;Investimento di pedone;Intersezione semaforizzata;Una carreggiata a doppio senso;Asciutto;In cubetti di porfido;Verticale ed orizzontale;Nuvoloso;Normale;Buona;Ore Diurne;0;0;0;2;12.48728;41.89312;-1;1;Motociclo a solo;In marcia / fermata / arresto;Conducente;M;Illeso;0;;Non accertato;
2061118;1;13/05/2014 19:15;Strada Urbana;VIA QUATTRO NOVEMBRE;in prossimità;;del civico n.;119;;Scontro frontale fra veicoli in marcia;Rettilineo;Una carreggiata a doppio senso;Asciutto;In cubetti di porfido;Verticale ed orizzontale;Nuvoloso;Intenso;Buona;Ore Diurne;0;0;0;2;12.4853;41.89677;-1;1;Motociclo a solo;In marcia / fermata / arresto;Conducente;M;Illeso;0;;Non accertato;
2061118;1;13/05/2014 19:15;Strada Urbana;VIA QUATTRO NOVEMBRE;in prossimità;;del civico n.;119;;Scontro frontale fra veicoli in marcia;Rettilineo;Una carreggiata a doppio senso;Asciutto;In cubetti di porfido;Verticale ed orizzontale;Nuvoloso;Intenso;Buona;Ore Diurne;0;0;0;2;12.4853;41.89677;-1;2;Motociclo a solo;In marcia / fermata / arresto;Conducente;M;Illeso;0;;Non accertato;
2061125;1;13/05/2014 11:15;Strada Urbana;VIA VITTORIO VENETO;in prossimità;;del civico n.;70;;Scontro laterale fra veicoli in marcia;Curva a visuale libera;Una carreggiata a doppio senso;Bagnato (pioggia);Asfaltata;Verticale ed orizzontale;Pioggia in atto;Normale;Buona;Ore Diurne;1;0;0;1;12.48894;41.9059;-1;1;Autovettura privata;In marcia / fermata / arresto;Conducente;M;Illeso;0;;Utilizzato;Inesploso
2061125;1;13/05/2014 11:15;Strada Urbana;VIA VITTORIO VENETO;in prossimità;;del civico n.;70;;Scontro laterale fra veicoli in marcia;Curva a visuale libera;Una carreggiata a doppio senso;Bagnato (pioggia);Asfaltata;Verticale ed orizzontale;Pioggia in atto;Normale;Buona;Ore Diurne;1;0;0;1;12.48894;41.9059;-1;2;Ciclomotore;In marcia / fermata / arresto;Conducente;M;Rimandato;0;NON DECEDUTO;;
2061133;1;13/05/2014 22:00;Strada Urbana;VIA FILIPPO TURATI;all'intersezione con;VIA ALFREDO CAPPELLINI;VIA ALFREDO CAPPELLINI;;;Scontro frontale/laterale DX fra veicoli in marcia;Incrocio;Due carreggiate;Asciutto;Asfaltata;Verticale ed orizzontale;Nuvoloso;Scarso;Buona;Sufficiente;0;0;0;5;12.50556;41.89667;-1;1;Autovettura privata;In marcia / fermata / arresto;Conducente;F;Illeso;0;;Non accertato;
2061133;1;13/05/2014 22:00;Strada Urbana;VIA FILIPPO TURATI;all'intersezione con;VIA ALFREDO CAPPELLINI;VIA ALFREDO CAPPELLINI;;;Scontro frontale/laterale DX fra veicoli in marcia;Incrocio;Due carreggiate;Asciutto;Asfaltata;Verticale ed orizzontale;Nuvoloso;Scarso;Buona;Sufficiente;0;0;0;5;12.50556;41.89667;-1;1;Autovettura privata;In marcia / fermata / arresto;Passeggero;F;Illeso;0;;Non accertato;
2061133;1;13/05/2014 22:00;Strada Urbana;VIA FILIPPO TURATI;all'intersezione con;VIA ALFREDO CAPPELLINI;VIA ALFREDO CAPPELLINI;;;Scontro frontale/laterale DX fra veicoli in marcia;Incrocio;Due carreggiate;Asciutto;Asfaltata;Verticale ed orizzontale;Nuvoloso;Scarso;Buona;Sufficiente;0;0;0;5;12.50556;41.89667;-1;1;Autovettura privata;In marcia / fermata / arresto;Passeggero;F;Illeso;0;;Non accertato;
2061133;1;13/05/2014 22:00;Strada Urbana;VIA FILIPPO TURATI;all'intersezione con;VIA ALFREDO CAPPELLINI;VIA ALFREDO CAPPELLINI;;;Scontro frontale/laterale DX fra veicoli in marcia;Incrocio;Due carreggiate;Asciutto;Asfaltata;Verticale ed orizzontale;Nuvoloso;Scarso;Buona;Sufficiente;0;0;0;5;12.50556;41.89667;-1;2;Autovettura privata;In marcia / fermata / arresto;Conducente;F;Illeso;0;;Non accertato;
2061133;1;13/05/2014 22:00;Strada Urbana;VIA FILIPPO TURATI;all'intersezione con;VIA ALFREDO CAPPELLINI;VIA ALFREDO CAPPELLINI;;;Scontro frontale/laterale DX fra veicoli in marcia;Incrocio;Due carreggiate;Asciutto;Asfaltata;Verticale ed orizzontale;Nuvoloso;Scarso;Buona;Sufficiente;0;0;0;5;12.50556;41.89667;-1;2;Autovettura privata;In marcia / fermata / arresto;Passeggero;F;Illeso;0;;Non accertato;
2061137;9;14/05/2014 08:30;Strada Urbana;VIA CASILINA;da specificare;;;;fronte via lecco;Scontro laterale fra veicoli in marcia;Rettilineo;Due carreggiate;Asciutto;Asfaltata;Assente;Sereno;Intenso;Buona;Ore Diurne;0;0;0;2;12.6097;41.86404;-1;1;Autovettura privata;In marcia / fermata / arresto;Conducente;M;Illeso;0;;Non accertato;
2061137;9;14/05/2014 08:30;Strada Urbana;VIA CASILINA;da specificare;;;;fronte via lecco;Scontro laterale fra veicoli in marcia;Rettilineo;Due carreggiate;Asciutto;Asfaltata;Assente;Sereno;Intenso;Buona;Ore Diurne;0;0;0;2;12.6097;41.86404;-1;2;Autovettura privata;In marcia / fermata / arresto;Conducente;M;Illeso;0;;Non accertato;
2061143;2;07/05/2014 12:30;Strada Urbana;VIA DEL FORO ITALICO;da specificare;;;;altezza svincolo per via Dei Campi Sportivi ;Scontro laterale fra veicoli in marcia;Rettilineo;Due carreggiate;Asciutto;Asfaltata;Orizzontale;Sereno;Normale;Buona;Ore Diurne;1;0;0;0;12.49133;41.93936;-1;1;Motociclo a solo;In marcia / fermata / arresto;Conducente;M;Rimandato;0;NON DECEDUTO;Non accertato;
2061145;18;14/05/2014 17:20;Statale entro l'abitato;VIA AURELIA;in corrispondenza;;del civico n.;866;;Tamponamento Multiplo;Rettilineo;Una carreggiata a senso unico di marcia;Asciutto;Asfaltata;Verticale ed orizzontale;Sereno;Intenso;Buona;Ore Diurne;3;0;0;4;12.39891;41.88518;-1;1;Autovettura privata;In marcia / fermata / arresto;Conducente;M;Illeso;0;;Non accertato;Inesploso
2061145;18;14/05/2014 17:20;Statale entro l'abitato;VIA AURELIA;in corrispondenza;;del civico n.;866;;Tamponamento Multiplo;Rettilineo;Una carreggiata a senso unico di marcia;Asciutto;Asfaltata;Verticale ed orizzontale;Sereno;Intenso;Buona;Ore Diurne;3;0;0;4;12.39891;41.88518;-1;1;Autovettura privata;In marcia / fermata / arresto;Passeggero;F;Illeso;0;;Non accertato;Inesploso
2061145;18;14/05/2014 17:20;Statale entro l'abitato;VIA AURELIA;in corrispondenza;;del civico n.;866;;Tamponamento Multiplo;Rettilineo;Una carreggiata a senso unico di marcia;Asciutto;Asfaltata;Verticale ed orizzontale;Sereno;Intenso;Buona;Ore Diurne;3;0;0;4;12.39891;41.88518;-1;1;Autovettura privata;In marcia / fermata / arresto;Passeggero;F;Illeso;0;;Non accertato;Inesploso
2061145;18;14/05/2014 17:20;Statale entro l'abitato;VIA AURELIA;in corrispondenza;;del civico n.;866;;Tamponamento Multiplo;Rettilineo;Una carreggiata a senso unico di marcia;Asciutto;Asfaltata;Verticale ed orizzontale;Sereno;Intenso;Buona;Ore Diurne;3;0;0;4;12.39891;41.88518;-1;1;Autovettura privata;In marcia / fermata / arresto;Passeggero;M;Illeso;0;;Non accertato;Inesploso
2061145;18;14/05/2014 17:20;Statale entro l'abitato;VIA AURELIA;in corrispondenza;;del civico n.;866;;Tamponamento Multiplo;Rettilineo;Una carreggiata a senso unico di marcia;Asciutto;Asfaltata;Verticale ed orizzontale;Sereno;Intenso;Buona;Ore Diurne;3;0;0;4;12.39891;41.88518;-1;2;Autovettura privata;In marcia / fermata / arresto;Conducente;M;Rifiuta cure immediate;0;NON DECEDUTO;Non accertato;Inesploso
2061145;18;14/05/2014 17:20;Statale entro l'abitato;VIA AURELIA;in corrispondenza;;del civico n.;866;;Tamponamento Multiplo;Rettilineo;Una carreggiata a senso unico di marcia;Asciutto;Asfaltata;Verticale ed orizzontale;Sereno;Intenso;Buona;Ore Diurne;3;0;0;4;12.39891;41.88518;-1;2;Autovettura privata;In marcia / fermata / arresto;Passeggero;F;Rifiuta cure immediate;0;NON DECEDUTO;Non accertato;Inesploso
2061145;18;14/05/2014 17:20;Statale entro l'abitato;VIA AURELIA;in corrispondenza;;del civico n.;866;;Tamponamento Multiplo;Rettilineo;Una carreggiata a senso unico di marcia;Asciutto;Asfaltata;Verticale ed orizzontale;Sereno;Intenso;Buona;Ore Diurne;3;0;0;4;12.39891;41.88518;-1;3;Autovettura privata;In marcia / fermata / arresto;Conducente;M;Rifiuta cure immediate;0;NON DECEDUTO;Non accertato;Inesploso
2061147;15;14/05/2014 09:45;Strada Urbana;VIA DEL TRULLO;in corrispondenza;;del civico n.;322/A;;Scontro frontale/laterale SX fra veicoli in marcia;Rettilineo;Due carreggiate;Asciutto;Asfaltata;Assente;Sereno;Normale;Buona;Ore Diurne;0;0;0;2;12.43676;41.84305;-1;1;Autovettura privata;In marcia / fermata / arresto;Conducente;F;Illeso;0;;Utilizzato;
2061147;15;14/05/2014 09:45;Strada Urbana;VIA DEL TRULLO;in corrispondenza;;del civico n.;322/A;;Scontro frontale/laterale SX fra veicoli in marcia;Rettilineo;Due carreggiate;Asciutto;Asfaltata;Assente;Sereno;Normale;Buona;Ore Diurne;0;0;0;2;12.43676;41.84305;-1;2;Autovettura privata;In marcia / fermata / arresto;Conducente;M;Illeso;0;;Non accertato;
2061148;9;14/05/2014 11:50;Strada Urbana;PIAZZA DEI RE DI ROMA;da specificare;;;;fronte civico 44;Investimento di pedone;Rotatoria;Una carreggiata a senso unico di marcia;Asciutto;Asfaltata;Verticale ed orizzontale;Sereno;Normale;Buona;Ore Diurne;1;0;0;1;12.51324;41.88183;-1;;;;Pedone;F;Rimandato;0;NON DECEDUTO;;
2061148;9;14/05/2014 11:50;Strada Urbana;PIAZZA DEI RE DI ROMA;da specificare;;;;fronte civico 44;Investimento di pedone;Rotatoria;Una carreggiata a senso unico di marcia;Asciutto;Asfaltata;Verticale ed orizzontale;Sereno;Normale;Buona;Ore Diurne;1;0;0;1;12.51324;41.88183;-1;1;Autovettura privata;In marcia / fermata / arresto;Conducente;M;Illeso;0;;Non accertato;Inesploso
2061152;9;14/05/2014 16:45;Strada Urbana;VIA CASILINA;da specificare;;;;ALT. VIA LECCO;Scontro frontale/laterale DX fra veicoli in marcia;Rettilineo;Due carreggiate;Asciutto;Asfaltata;Assente;Sereno;Normale;Buona;Ore Diurne;1;0;0;2;12.51923;41.8887;-1;1;Autovettura privata;In marcia / fermata / arresto;Conducente;M;Illeso;0;;Utilizzato;Inesploso
2061152;9;14/05/2014 16:45;Strada Urbana;VIA CASILINA;da specificare;;;;ALT. VIA LECCO;Scontro frontale/laterale DX fra veicoli in marcia;Rettilineo;Due carreggiate;Asciutto;Asfaltata;Assente;Sereno;Normale;Buona;Ore Diurne;1;0;0;2;12.51923;41.8887;-1;2;Autovettura privata;In marcia / fermata / arresto;Conducente;F;Illeso;0;;Utilizzato;Inesploso
2061152;9;14/05/2014 16:45;Strada Urbana;VIA CASILINA;da specificare;;;;ALT. VIA LECCO;Scontro frontale/laterale DX fra veicoli in marcia;Rettilineo;Due carreggiate;Asciutto;Asfaltata;Assente;Sereno;Normale;Buona;Ore Diurne;1;0;0;2;12.51923;41.8887;-1;2;Autovettura privata;In marcia / fermata / arresto;Passeggero;F;Rimandato;0;NON DECEDUTO;Utilizzato;Inesploso
2061154;1;14/05/2014 17:30;Strada Urbana;VIA DEL CIRCO MASSIMO;in prossimità;;del palo luce n.;27;;Scontro frontale/laterale SX fra veicoli in marcia;Rettilineo;Una carreggiata a doppio senso;Asciutto;Asfaltata;Verticale ed orizzontale;Sereno;Normale;Buona;Ore Diurne;1;0;0;2;12.48492;41.88538;-1;1;Autovettura privata;In marcia / fermata / arresto;Conducente;M;Illeso;0;;;
2061154;1;14/05/2014 17:30;Strada Urbana;VIA DEL CIRCO MASSIMO;in prossimità;;del palo luce n.;27;;Scontro frontale/laterale SX fra veicoli in marcia;Rettilineo;Una carreggiata a doppio senso;Asciutto;Asfaltata;Verticale ed orizzontale;Sereno;Normale;Buona;Ore Diurne;1;0;0;2;12.48492;41.88538;-1;1;Autovettura privata;In marcia / fermata / arresto;Passeggero;F;Illeso;0;;;
2061154;1;14/05/2014 17:30;Strada Urbana;VIA DEL CIRCO MASSIMO;in prossimità;;del palo luce n.;27;;Scontro frontale/laterale SX fra veicoli in marcia;Rettilineo;Una carreggiata a doppio senso;Asciutto;Asfaltata;Verticale ed orizzontale;Sereno;Normale;Buona;Ore Diurne;1;0;0;2;12.48492;41.88538;-1;2;Motociclo a solo;In marcia / fermata / arresto;Conducente;M;Rimandato;0;NON DECEDUTO;Non accertato;
2061156;15;14/05/2014 10:12;Strada Urbana;VIA PORTUENSE;all'intersezione con;VIA GIUSEPPE TROIANI;VIA GIUSEPPE TROIANI;;;Scontro frontale/laterale SX fra veicoli in marcia;Incrocio;Una carreggiata a doppio senso;Asciutto;Asfaltata;Verticale ed orizzontale;Sereno;Intenso;Buona;Ore Diurne;0;0;0;3;12.45613;41.86418;-1;1;Autovettura privata;In marcia / fermata / arresto;Conducente;M;Illeso;0;;Utilizzato;Inesploso
2061156;15;14/05/2014 10:12;Strada Urbana;VIA PORTUENSE;all'intersezione con;VIA GIUSEPPE TROIANI;VIA GIUSEPPE TROIANI;;;Scontro frontale/laterale SX fra veicoli in marcia;Incrocio;Una carreggiata a doppio senso;Asciutto;Asfaltata;Verticale ed orizzontale;Sereno;Intenso;Buona;Ore Diurne;0;0;0;3;12.45613;41.86418;-1;1;Autovettura privata;In marcia / fermata / arresto;Passeggero;F;Illeso;0;;Utilizzato;Inesploso
2061156;15;14/05/2014 10:12;Strada Urbana;VIA PORTUENSE;all'intersezione con;VIA GIUSEPPE TROIANI;VIA GIUSEPPE TROIANI;;;Scontro frontale/laterale SX fra veicoli in marcia;Incrocio;Una carreggiata a doppio senso;Asciutto;Asfaltata;Verticale ed orizzontale;Sereno;Intenso;Buona;Ore Diurne;0;0;0;3;12.45613;41.86418;-1;2;Autovettura privata;In marcia / fermata / arresto;Conducente;M;Illeso;0;;Utilizzato;Inesploso
2061157;1;13/05/2014 18:50;Strada Urbana;VIA DEI CERCHI;in prossimità;;del civico n.;45;;Tamponamento Multiplo;Rettilineo;Una carreggiata a senso unico di marcia;Asciutto;In cubetti di porfido;Verticale ed orizzontale;Nuvoloso;Intenso;Buona;Ore Diurne;2;0;0;1;12.4830696;41.8883053;-1;1;Autovettura privata;In marcia / fermata / arresto;Conducente;F;Illeso;0;;Non accertato;Inesploso