Protocollo;Gruppo;DataOraIncidente;Localizzazione1;STRADA1;Localizzazione2;STRADA2;Strada02;Chilometrica;DaSpecificare;NaturaIncidente;particolaritastrade;TipoStrada;FondoStradale;Pavimentazione;Segnaletica;CondizioneAtmosferica;Traffico;Visibilita;Illuminazione;NUM_FERITI;NUM_RISERVATA;NUM_MORTI;NUM_ILLESI;Longitudine;Latitudine;Confermato;Progressivo;TipoVeicolo;StatoVeicolo;TipoPersona;Sesso;Tipolesione;Deceduto;DecedutoDopo;CinturaCascoUtilizzato;Airbag
2062092;6;15/05/2014 12:45;Provinciale entro l'abitato;VIA PRENESTINA;all'intersezione con;PIAZZALE PRENESTINO;PIAZZALE PRENESTINO;;;Scontro frontale/laterale DX fra veicoli in marcia;Intersezione non regolata/non segnalata;Più di due carreggiate;Asciutto;Asfaltata;Orizzontale;Sereno;Normale;Buona;Ore Diurne;1;0;0;1;12.52571;41.891;-1;1;Motociclo a solo;In marcia / fermata / arresto;Conducente;M;Rifiuta cure immediate;0;NON DECEDUTO;Non accertato;Inesistente
2062092;6;15/05/2014 12:45;Provinciale entro l'abitato;VIA PRENESTINA;all'intersezione con;PIAZZALE PRENESTINO;PIAZZALE PRENESTINO;;;Scontro frontale/laterale DX fra veicoli in marcia;Intersezione non regolata/non segnalata;Più di due carreggiate;Asciutto;Asfaltata;Orizzontale;Sereno;Normale;Buona;Ore Diurne;1;0;0;1;12.52571;41.891;-1;2;Autovettura privata;In marcia / fermata / arresto;Conducente;M;Illeso;0;;Non accertato;Inesistente
2062093;6;15/05/2014 13:30;Provinciale entro l'abitato;VIA CASILINA;da specificare;;;;pross.tà c.ne casilina est;Scontro laterale fra veicoli in marcia;Rettilineo;Più di due carreggiate;Asciutto;Asfaltata;Orizzontale;Sereno;Normale;Buona;Ore Diurne;0;0;0;1;12.52808;41.89125;-1;1;Autovettura privata;In marcia / fermata / arresto;Conducente;M;Illeso;0;;Non accertato;Inesistente
2062094;6;15/05/2014 17:00;Statale entro l'abitato;VIA CASILINA;in prossimità;;del civico n.;129;;Veicolo in marcia contro ostacolo accidentale;Rettilineo;Una carreggiata a senso unico di marcia;Asciutto;Asfaltata;Orizzontale;Nuvoloso;Normale;Buona;Ore Diurne;0;1;0;0;12.5232902;41.8887562;-1;1;Motociclo a solo;In marcia / fermata / arresto;Conducente;M;Prognosi riservata;0;NON DECEDUTO;Non accertato;
2062095;16;15/05/2014 07:55;Strada Urbana;CIRCONVALLAZIONE GIANICOLENSE;in corrispondenza;;del civico n.;77;;Scontro frontale/laterale SX fra veicoli in marcia;Rettilineo;Più di due carreggiate;Asciutto;Asfaltata;Assente;Sereno;Intenso;Buona;Ore Diurne;0;0;0;4;12.459722;41.871638;-1;1;Autovettura privata;In marcia / fermata / arresto;Conducente;M;Illeso;0;;Non accertato;Inesploso
2062095;16;15/05/2014 07:55;Strada Urbana;CIRCONVALLAZIONE GIANICOLENSE;in corrispondenza;;del civico n.;77;;Scontro frontale/laterale SX fra veicoli in marcia;Rettilineo;Più di due carreggiate;Asciutto;Asfaltata;Assente;Sereno;Intenso;Buona;Ore Diurne;0;0;0;4;12.459722;41.871638;-1;1;Autovettura privata;In marcia / fermata / arresto;Passeggero;M;Illeso;0;;Non accertato;Inesploso
2062095;16;15/05/2014 07:55;Strada Urbana;CIRCONVALLAZIONE GIANICOLENSE;in corrispondenza;;del civico n.;77;;Scontro frontale/laterale SX fra veicoli in marcia;Rettilineo;Più di due carreggiate;Asciutto;Asfaltata;Assente;Sereno;Intenso;Buona;Ore Diurne;0;0;0;4;12.459722;41.871638;-1;2;Autobus di linea;In marcia / fermata / arresto;Conducente;M;Illeso;0;;Non accertato;Inesploso
2062095;16;15/05/2014 07:55;Strada Urbana;CIRCONVALLAZIONE GIANICOLENSE;in corrispondenza;;del civico n.;77;;Scontro frontale/laterale SX fra veicoli in marcia;Rettilineo;Più di due carreggiate;Asciutto;Asfaltata;Assente;Sereno;Intenso;Buona;Ore Diurne;0;0;0;4;12.459722;41.871638;-1;2;Autobus di linea;In marcia / fermata / arresto;Passeggero;M;Illeso;0;;Non accertato;Inesploso
2062096;9;15/05/2014 16:00;Strada Urbana;VIA FRASCATI;da specificare;;;;fronte via demetriade;Tamponamento Multiplo;Rettilineo;Una carreggiata a doppio senso;Asciutto;Asfaltata;Verticale ed orizzontale;Sereno;Normale;Buona;Ore Diurne;0;0;0;3;12.54181;41.86554;-1;1;Autovettura privata;In marcia / fermata / arresto;Conducente;M;Illeso;0;;Non accertato;Inesploso
2062096;9;15/05/2014 16:00;Strada Urbana;VIA FRASCATI;da specificare;;;;fronte via demetriade;Tamponamento Multiplo;Rettilineo;Una carreggiata a doppio senso;Asciutto;Asfaltata;Verticale ed orizzontale;Sereno;Normale;Buona;Ore Diurne;0;0;0;3;12.54181;41.86554;-1;2;Autovettura privata;In marcia / fermata / arresto;Conducente;F;Illeso;0;;Non accertato;Inesistente
2062096;9;15/05/2014 16:00;Strada Urbana;VIA FRASCATI;da specificare;;;;fronte via demetriade;Tamponamento Multiplo;Rettilineo;Una carreggiata a doppio senso;Asciutto;Asfaltata;Verticale ed orizzontale;Sereno;Normale;Buona;Ore Diurne;0;0;0;3;12.54181;41.86554;-1;3;Autovettura privata;In marcia / fermata / arresto;Conducente;M;Illeso;0;;Non accertato;Inesploso
2062097;10;15/05/2014 13:20;Statale entro l'abitato;VIA TUSCOLANA;in prossimità;;del civico n.;1007;;Scontro laterale fra veicoli in marcia;Rettilineo;Una carreggiata a senso unico di marcia;Asciutto;Asfaltata;Verticale ed orizzontale;Sereno;Normale;Buona;Ore Diurne;0;0;0;3;12.56703;41.85432;-1;1;Autovettura privata;In marcia / fermata / arresto;Conducente;M;Illeso;0;;Non accertato;Inesploso
2062097;10;15/05/2014 13:20;Statale entro l'abitato;VIA TUSCOLANA;in prossimità;;del civico n.;1007;;Scontro laterale fra veicoli in marcia;Rettilineo;Una carreggiata a senso unico di marcia;Asciutto;Asfaltata;Verticale ed orizzontale;Sereno;Normale;Buona;Ore Diurne;0;0;0;3;12.56703;41.85432;-1;1;Autovettura privata;In marcia / fermata / arresto;Passeggero;F;Illeso;0;;Non accertato;Inesploso
2062097;10;15/05/2014 13:20;Statale entro l'abitato;VIA TUSCOLANA;in prossimità;;del civico n.;1007;;Scontro laterale fra veicoli in marcia;Rettilineo;Una carreggiata a senso unico di marcia;Asciutto;Asfaltata;Verticale ed orizzontale;Sereno;Normale;Buona;Ore Diurne;0;0;0;3;12.56703;41.85432;-1;2;Autovettura privata;In marcia / fermata / arresto;Conducente;F;Illeso;0;;Non accertato;Inesploso
2062098;10;15/05/2014 16:30;Strada Urbana;VIA STEFANO OBERTO;da specificare;;;;in prossimità di via Pietro Marchisio ;Scontro frontale/laterale SX fra veicoli in marcia;Curva a visuale libera;Una carreggiata a doppio senso;Asciutto;Asfaltata;Orizzontale;Nuvoloso;Scarso;Buona;Ore Diurne;1;0;0;1;12.5866;41.85019;-1;1;Motociclo a solo;In marcia / fermata / arresto;Conducente;M;Rimandato;0;NON DECEDUTO;Non accertato;Inesistente
2062098;10;15/05/2014 16:30;Strada Urbana;VIA STEFANO OBERTO;da specificare;;;;in prossimità di via Pietro Marchisio ;Scontro frontale/laterale SX fra veicoli in marcia;Curva a visuale libera;Una carreggiata a doppio senso;Asciutto;Asfaltata;Orizzontale;Nuvoloso;Scarso;Buona;Ore Diurne;1;0;0;1;12.5866;41.85019;-1;2;Autovettura privata;In marcia / fermata / arresto;Conducente;F;Illeso;0;;Non accertato;Inesploso
2062212;6;15/05/2014 19:30;Strada Urbana;VIA DI PORTONACCIO;all'intersezione semaforizzata con;LARGO PRENESTE;LARGO PRENESTE;;;Tamponamento;Incrocio;Due carreggiate;Asciutto;Asfaltata;Verticale ed orizzontale;Sereno;Normale;Buona;Ore Diurne;0;0;0;3;12.54177;41.89286;-1;1;Autovettura privata;In marcia / fermata / arresto;Conducente;M;Illeso;0;;;
2062212;6;15/05/2014 19:30;Strada Urbana;VIA DI PORTONACCIO;all'intersezione semaforizzata con;LARGO PRENESTE;LARGO PRENESTE;;;Tamponamento;Incrocio;Due carreggiate;Asciutto;Asfaltata;Verticale ed orizzontale;Sereno;Normale;Buona;Ore Diurne;0;0;0;3;12.54177;41.89286;-1;1;Autovettura privata;In marcia / fermata / arresto;Passeggero;M;Illeso;0;;;
2062212;6;15/05/2014 19:30;Strada Urbana;VIA DI PORTONACCIO;all'intersezione semaforizzata con;LARGO PRENESTE;LARGO PRENESTE;;;Tamponamento;Incrocio;Due carreggiate;Asciutto;Asfaltata;Verticale ed orizzontale;Sereno;Normale;Buona;Ore Diurne;0;0;0;3;12.54177;41.89286;-1;2;Autocarro inferiore 35 q.;In marcia / fermata / arresto;Conducente;M;Illeso;0;;Non utilizzato;
2062219;8;15/05/2014 21:50;Strada Urbana;VIA DI ROCCA CENCIA;in prossimità;;del civico n.;177;;Fuoriuscita dalla sede stradale;Rettilineo;Una carreggiata a doppio senso;Asciutto;Asfaltata;Orizzontale;Sereno;Normale;Buona;Sufficiente;1;0;0;0;12.69046;41.87128;-1;1;Motociclo a solo;In marcia / fermata / arresto;Conducente;M;Rimandato;0;NON DECEDUTO;;
2062223;9;15/05/2014 09:20;Strada Urbana;VIA LATINA;da specificare;;;;fronte civico 38;Veicolo in marcia contro veicolo in sosta;Rettilineo;Una carreggiata a senso unico di marcia;Asciutto;Asfaltata;Assente;Sereno;Normale;Buona;Ore Diurne;1;0;0;0;12.50942;41.87418;-1;2;Motociclo a solo;In marcia / fermata / arresto;Conducente;F;Ricoverato;0;NON DECEDUTO;Utilizzato;
2062224;8;15/05/2014 13:45;Strada Urbana;VIALE DELLA SORBONA;da specificare;;;;2^ rotatoria PTV DIR FOSSO SANTA MAURA;Scontro laterale fra veicoli in marcia;Curva a visuale libera;Due carreggiate;Asciutto;Asfaltata;Orizzontale;Sereno;Normale;Buona;Ore Diurne;0;0;0;2;12.62083;41.85666;-1;1;Autovettura privata;In marcia / fermata / arresto;Conducente;M;Illeso;0;;Non accertato;Inesploso
2062224;8;15/05/2014 13:45;Strada Urbana;VIALE DELLA SORBONA;da specificare;;;;2^ rotatoria PTV DIR FOSSO SANTA MAURA;Scontro laterale fra veicoli in marcia;Curva a visuale libera;Due carreggiate;Asciutto;Asfaltata;Orizzontale;Sereno;Normale;Buona;Ore Diurne;0;0;0;2;12.62083;41.85666;-1;2;Autovettura privata;In marcia / fermata / arresto;Conducente;F;Illeso;0;;Utilizzato;Inesploso
2062232;8;15/05/2014 07:50;Statale entro l'abitato;VIA CASILINA;all'intersezione con;VIA ENRICO GIGLIOLI;VIA ENRICO GIGLIOLI;;;Tamponamento;Incrocio;Una carreggiata a doppio senso;Asciutto;Asfaltata;Verticale ed orizzontale;Sereno;Intenso;Buona;Ore Diurne;0;0;0;4;12.59749;41.86624;-1;1;Autovettura privata;In marcia / fermata / arresto;Conducente;F;Illeso;0;;Non accertato;Inesploso
2062232;8;15/05/2014 07:50;Statale entro l'abitato;VIA CASILINA;all'intersezione con;VIA ENRICO GIGLIOLI;VIA ENRICO GIGLIOLI;;;Tamponamento;Incrocio;Una carreggiata a doppio senso;Asciutto;Asfaltata;Verticale ed orizzontale;Sereno;Intenso;Buona;Ore Diurne;0;0;0;4;12.59749;41.86624;-1;1;Autovettura privata;In marcia / fermata / arresto;Passeggero;F;Illeso;0;;Utilizzato;Inesploso
2062232;8;15/05/2014 07:50;Statale entro l'abitato;VIA CASILINA;all'intersezione con;VIA ENRICO GIGLIOLI;VIA ENRICO GIGLIOLI;;;Tamponamento;Incrocio;Una carreggiata a doppio senso;Asciutto;Asfaltata;Verticale ed orizzontale;Sereno;Intenso;Buona;Ore Diurne;0;0;0;4;12.59749;41.86624;-1;1;Autovettura privata;In marcia / fermata / arresto;Passeggero;F;Illeso;0;;Utilizzato;Inesploso
2062232;8;15/05/2014 07:50;Statale entro l'abitato;VIA CASILINA;all'intersezione con;VIA ENRICO GIGLIOLI;VIA ENRICO GIGLIOLI;;;Tamponamento;Incrocio;Una carreggiata a doppio senso;Asciutto;Asfaltata;Verticale ed orizzontale;Sereno;Intenso;Buona;Ore Diurne;0;0;0;4;12.59749;41.86624;-1;2;Autovettura privata;In marcia / fermata / arresto;Conducente;M;Illeso;0;;Non accertato;Inesploso
2062247;9;15/05/2014 11:45;Strada Urbana;VIA TUSCOLANA;da specificare;;;;fronte civico 346;Tamponamento Multiplo;Rettilineo;Due carreggiate;Asciutto;Asfaltata;Verticale ed orizzontale;Sereno;Normale;Buona;Ore Diurne;0;0;0;4;12.52793;41.87532;-1;1;Autovettura privata;In marcia / fermata / arresto;Conducente;M;Illeso;0;;Non accertato;Inesploso
2062247;9;15/05/2014 11:45;Strada Urbana;VIA TUSCOLANA;da specificare;;;;fronte civico 346;Tamponamento Multiplo;Rettilineo;Due carreggiate;Asciutto;Asfaltata;Verticale ed orizzontale;Sereno;Normale;Buona;Ore Diurne;0;0;0;4;12.52793;41.87532;-1;2;Autovettura privata;In marcia / fermata / arresto;Conducente;M;Illeso;0;;Non accertato;Inesploso
2062247;9;15/05/2014 11:45;Strada Urbana;VIA TUSCOLANA;da specificare;;;;fronte civico 346;Tamponamento Multiplo;Rettilineo;Due carreggiate;Asciutto;Asfaltata;Verticale ed orizzontale;Sereno;Normale;Buona;Ore Diurne;0;0;0;4;12.52793;41.87532;-1;2;Autovettura privata;In marcia / fermata / arresto;Passeggero;M;Illeso;0;;Non accertato;Inesploso
2062247;9;15/05/2014 11:45;Strada Urbana;VIA TUSCOLANA;da specificare;;;;fronte civico 346;Tamponamento Multiplo;Rettilineo;Due carreggiate;Asciutto;Asfaltata;Verticale ed orizzontale;Sereno;Normale;Buona;Ore Diurne;0;0;0;4;12.52793;41.87532;-1;3;Autovettura privata;In marcia / fermata / arresto;Conducente;M;Illeso;0;;Non accertato;Inesploso
2062249;11;15/05/2014 13:20;Strada Urbana;VIA ANDREA DI BONAIUTO;in prossimità;;del civico n.;16;;Scontro laterale fra veicoli in marcia;Rettilineo;Una carreggiata a doppio senso;Asciutto;Asfaltata;Verticale ed orizzontale;Nuvoloso;Normale;Buona;Ore Diurne;1;0;0;1;12.4893023;41.8282636;-1;1;Autovettura privata;In marcia / fermata / arresto;Conducente;F;Illeso;0;;Non accertato;Inesploso
2062249;11;15/05/2014 13:20;Strada Urbana;VIA ANDREA DI BONAIUTO;in prossimità;;del civico n.;16;;Scontro laterale fra veicoli in marcia;Rettilineo;Una carreggiata a doppio senso;Asciutto;Asfaltata;Verticale ed orizzontale;Nuvoloso;Normale;Buona;Ore Diurne;1;0;0;1;12.4893023;41.8282636;-1;2;Autovettura privata;In marcia / fermata / arresto;Conducente;F;Rimandato;0;NON DECEDUTO;Non accertato;Inesploso
2062252;5;15/05/2014 09:50;Strada Urbana;VIA TIBURTINA;all'intersezione con;VIA DELLE CAVE DI PIETRALATA;VIA DELLE CAVE DI PIETRALATA;;;Scontro frontale/laterale SX fra veicoli in marcia;Incrocio;Due carreggiate;Asciutto;Asfaltata;Verticale ed orizzontale;Sereno;Intenso;Buona;Ore Diurne;0;0;0;3;12.53659;41.90845;-1;1;Autovettura privata;In marcia / fermata / arresto;Conducente;M;Illeso;0;;Non accertato;
2062252;5;15/05/2014 09:50;Strada Urbana;VIA TIBURTINA;all'intersezione con;VIA DELLE CAVE DI PIETRALATA;VIA DELLE CAVE DI PIETRALATA;;;Scontro frontale/laterale SX fra veicoli in marcia;Incrocio;Due carreggiate;Asciutto;Asfaltata;Verticale ed orizzontale;Sereno;Intenso;Buona;Ore Diurne;0;0;0;3;12.53659;41.90845;-1;1;Autovettura privata;In marcia / fermata / arresto;Passeggero;F;Illeso;0;;;
2062252;5;15/05/2014 09:50;Strada Urbana;VIA TIBURTINA;all'intersezione con;VIA DELLE CAVE DI PIETRALATA;VIA DELLE CAVE DI PIETRALATA;;;Scontro frontale/laterale SX fra veicoli in marcia;Incrocio;Due carreggiate;Asciutto;Asfaltata;Verticale ed orizzontale;Sereno;Intenso;Buona;Ore Diurne;0;0;0;3;12.53659;41.90845;-1;2;Autovettura privata;In marcia / fermata / arresto;Conducente;M;Illeso;0;;Non accertato;Esploso
2062260;19;15/05/2014 08:30;Strada Urbana;VIA DUCCIO GALIMBERTI;all'intersezione con;VIA DELLA BALDUINA;VIA DELLA BALDUINA;;;Scontro laterale fra veicoli in marcia;Incrocio;Una carreggiata a doppio senso;Asciutto;Asfaltata;Orizzontale;Sereno;Normale;Buona;Ore Diurne;1;0;0;1;12.44268;41.91363;-1;1;Autovettura privata;In marcia / fermata / arresto;Conducente;F;Rimandato;0;NON DECEDUTO;;
2062260;19;15/05/2014 08:30;Strada Urbana;VIA DUCCIO GALIMBERTI;all'intersezione con;VIA DELLA BALDUINA;VIA DELLA BALDUINA;;;Scontro laterale fra veicoli in marcia;Incrocio;Una carreggiata a doppio senso;Asciutto;Asfaltata;Orizzontale;Sereno;Normale;Buona;Ore Diurne;1;0;0;1;12.44268;41.91363;-1;2;Autovettura privata;In marcia / fermata / arresto;Conducente;M;Illeso;0;;;
2062261;5;15/05/2014 19:40;Strada Urbana;VIA FILIPPO MEDA;da specificare;;;;prossimità VIA DELLE CAVE DI PIETRALATA;Veicolo in marcia contro ostacolo accidentale;Rettilineo;Una carreggiata a doppio senso;Asciutto;Asfaltata;Verticale;Nuvoloso;Normale;Buona;Ore Diurne;0;0;0;1;12.54032;41.91281;-1;1;Motociclo a solo;In marcia / fermata / arresto;Conducente;M;Illeso;0;;Non accertato;
2062263;7;15/05/2014 08:00;Strada Urbana;VIA COLLATINA;all'intersezione con;VIA EMILIO LONGONI;VIA EMILIO LONGONI;;;Scontro frontale/laterale DX fra veicoli in marcia;Incrocio;Una carreggiata a doppio senso;Asciutto;Asfaltata;Verticale ed orizzontale;Sereno;Intenso;Buona;Ore Diurne;1;0;0;3;12.60124;41.90488;-1;1;Autovettura privata;In marcia / fermata / arresto;Conducente;M;Illeso;0;;Non accertato;Inesploso
2062263;7;15/05/2014 08:00;Strada Urbana;VIA COLLATINA;all'intersezione con;VIA EMILIO LONGONI;VIA EMILIO LONGONI;;;Scontro frontale/laterale DX fra veicoli in marcia;Incrocio;Una carreggiata a doppio senso;Asciutto;Asfaltata;Verticale ed orizzontale;Sereno;Intenso;Buona;Ore Diurne;1;0;0;3;12.60124;41.90488;-1;1;Autovettura privata;In marcia / fermata / arresto;Passeggero;F;Illeso;0;;Non accertato;Inesploso
2062263;7;15/05/2014 08:00;Strada Urbana;VIA COLLATINA;all'intersezione con;VIA EMILIO LONGONI;VIA EMILIO LONGONI;;;Scontro frontale/laterale DX fra veicoli in marcia;Incrocio;Una carreggiata a doppio senso;Asciutto;Asfaltata;Verticale ed orizzontale;Sereno;Intenso;Buona;Ore Diurne;1;0;0;3;12.60124;41.90488;-1;1;Autovettura privata;In marcia / fermata / arresto;Passeggero;M;Illeso;0;;Non accertato;Inesistente
2062263;7;15/05/2014 08:00;Strada Urbana;VIA COLLATINA;all'intersezione con;VIA EMILIO LONGONI;VIA EMILIO LONGONI;;;Scontro frontale/laterale DX fra veicoli in marcia;Incrocio;Una carreggiata a doppio senso;Asciutto;Asfaltata;Verticale ed orizzontale;Sereno;Intenso;Buona;Ore Diurne;1;0;0;3;12.60124;41.90488;-1;2;Motociclo a solo;In marcia / fermata / arresto;Conducente;M;Rimandato;0;NON DECEDUTO;Non accertato;
2062266;11;14/05/2014 16:50;Strada Urbana;VIA APPIA PIGNATELLI;in corrispondenza;;del civico n.;60;;Veicolo in marcia contro ostacolo fisso;Rettilineo;Una carreggiata a doppio senso;Asciutto;Asfaltata;Orizzontale;Sereno;Normale;Buona;Ore Diurne;1;0;0;0;12.5211957;41.8566605;-1;1;Autovettura privata;In marcia / fermata / arresto;Conducente;M;Rimandato;0;NON DECEDUTO;Non accertato;Inesistente
2062270;10;15/05/2014 18:00;Strada Urbana;VIA DI PASSO LOMBARDO;in prossimità;;del civico n.;212;;Veicolo in marcia contro ostacolo accidentale;Curva senza visuale libera;Una carreggiata a doppio senso;Asciutto;Asfaltata;Verticale ed orizzontale;Sereno;Scarso;Buona;Ore Diurne;0;0;0;1;12.6351;41.83211;-1;1;Autovettura privata;In marcia / fermata / arresto;Conducente;M;Illeso;0;;Non accertato;Inesploso
2062275;19;15/05/2014 14:30;Strada Urbana;VIA MARIO ROMAGNOLI;in corrispondenza;;del civico n.;10;;Tamponamento;Rettilineo;Una carreggiata a doppio senso;Asciutto;Asfaltata;Verticale ed orizzontale;Sereno;Normale;Buona;Ore Diurne;0;0;0;3;12.44195;41.91945;-1;1;Autovettura privata;In marcia / fermata / arresto;Conducente;M;Illeso;0;;Non accertato;Inesploso
2062275;19;15/05/2014 14:30;Strada Urbana;VIA MARIO ROMAGNOLI;in corrispondenza;;del civico n.;10;;Tamponamento;Rettilineo;Una carreggiata a doppio senso;Asciutto;Asfaltata;Verticale ed orizzontale;Sereno;Normale;Buona;Ore Diurne;0;0;0;3;12.44195;41.91945;-1;1;Autovettura privata;In marcia / fermata / arresto;Passeggero;M;Illeso;0;;Non accertato;Inesploso
2062275;19;15/05/2014 14:30;Strada Urbana;VIA MARIO ROMAGNOLI;in corrispondenza;;del civico n.;10;;Tamponamento;Rettilineo;Una carreggiata a doppio senso;Asciutto;Asfaltata;Verticale ed orizzontale;Sereno;Normale;Buona;Ore Diurne;0;0;0;3;12.44195;41.91945;-1;2;Quadriciclo leggero;In marcia / fermata / arresto;Conducente;M;Illeso;0;;Non accertato;Inesploso
2062280;10;15/05/2014 20:00;Strada Urbana;VIA CALPURNIO FIAMMA;in prossimità;;del civico n.;130;;Veicolo in marcia contro veicolo in sosta;Rettilineo;Due carreggiate;Asciutto;Asfaltata;Assente;Sereno;Normale;Buona;Ore Diurne;0;0;0;1;12.56232;41.86307;-1;1;Autovettura privata;In marcia / fermata / arresto;Conducente;M;Illeso;0;;Non accertato;Inesploso
2062283;5;15/05/2014 20:15;Strada Urbana;VIALE PALMIRO TOGLIATTI;in prossimità;;del civico n.;1477;;Investimento di pedone;Rettilineo;Due carreggiate;Asciutto;Asfaltata;Orizzontale;Nuvoloso;Normale;Sufficiente;Insufficiente;0;1;0;1;12.57143;41.91163;-1;;;;Pedone;F;Prognosi riservata;0;NON DECEDUTO;;
2062283;5;15/05/2014 20:15;Strada Urbana;VIALE PALMIRO TOGLIATTI;in prossimità;;del civico n.;1477;;Investimento di pedone;Rettilineo;Due carreggiate;Asciutto;Asfaltata;Orizzontale;Nuvoloso;Normale;Sufficiente;Insufficiente;0;1;0;1;12.57143;41.91163;-1;1;Autovettura privata;In marcia / fermata / arresto;Conducente;M;Illeso;0;;Non accertato;
2062286;19;15/05/2014 16:45;Strada Urbana;VIA MATTIA BATTISTINI;all'intersezione con;VIA BEATA VIRGINIA CENTURIONE BRACELLI;VIA BEATA VIRGINIA CENTURIONE BRACELLI;;;Scontro laterale fra veicoli in marcia;Intersezione stradale segnalata;Una carreggiata a doppio senso;Asciutto;Asfaltata;Orizzontale;Sereno;Normale;Buona;Ore Diurne;1;0;0;5;12.41852;41.91876;-1;1;Motociclo a solo;In marcia / fermata / arresto;Conducente;M;Rimandato;0;NON DECEDUTO;Non accertato;
2062286;19;15/05/2014 16:45;Strada Urbana;VIA MATTIA BATTISTINI;all'intersezione con;VIA BEATA VIRGINIA CENTURIONE BRACELLI;VIA BEATA VIRGINIA CENTURIONE BRACELLI;;;Scontro laterale fra veicoli in marcia;Intersezione stradale segnalata;Una carreggiata a doppio senso;Asciutto;Asfaltata;Orizzontale;Sereno;Normale;Buona;Ore Diurne;1;0;0;5;12.41852;41.91876;-1;2;Autovettura privata;In marcia / fermata / arresto;Conducente;F;Illeso;0;;Non accertato;Inesploso
2062286;19;15/05/2014 16:45;Strada Urbana;VIA MATTIA BATTISTINI;all'intersezione con;VIA BEATA VIRGINIA CENTURIONE BRACELLI;VIA BEATA VIRGINIA CENTURIONE BRACELLI;;;Scontro laterale fra veicoli in marcia;Intersezione stradale segnalata;Una carreggiata a doppio senso;Asciutto;Asfaltata;Orizzontale;Sereno;Normale;Buona;Ore Diurne;1;0;0;5;12.41852;41.91876;-1;2;Autovettura privata;In marcia / fermata / arresto;Passeggero;M;Illeso;0;;Non accertato;Inesploso
2062286;19;15/05/2014 16:45;Strada Urbana;VIA MATTIA BATTISTINI;all'intersezione con;VIA BEATA VIRGINIA CENTURIONE BRACELLI;VIA BEATA VIRGINIA CENTURIONE BRACELLI;;;Scontro laterale fra veicoli in marcia;Intersezione stradale segnalata;Una carreggiata a doppio senso;Asciutto;Asfaltata;Orizzontale;Sereno;Normale;Buona;Ore Diurne;1;0;0;5;12.41852;41.91876;-1;2;Autovettura privata;In marcia / fermata / arresto;Passeggero;M;Illeso;0;;Non accertato;Inesploso
2062286;19;15/05/2014 16:45;Strada Urbana;VIA MATTIA BATTISTINI;all'intersezione con;VIA BEATA VIRGINIA CENTURIONE BRACELLI;VIA BEATA VIRGINIA CENTURIONE BRACELLI;;;Scontro laterale fra veicoli in marcia;Intersezione stradale segnalata;Una carreggiata a doppio senso;Asciutto;Asfaltata;Orizzontale;Sereno;Normale;Buona;Ore Diurne;1;0;0;5;12.41852;41.91876;-1;2;Autovettura privata;In marcia / fermata / arresto;Passeggero;F;Illeso;0;;Non accertato;Inesploso
2062286;19;15/05/2014 16:45;Strada Urbana;VIA MATTIA BATTISTINI;all'intersezione con;VIA BEATA VIRGINIA CENTURIONE BRACELLI;VIA BEATA VIRGINIA CENTURIONE BRACELLI;;;Scontro laterale fra veicoli in marcia;Intersezione stradale segnalata;Una carreggiata a doppio senso;Asciutto;Asfaltata;Orizzontale;Sereno;Normale;Buona;Ore Diurne;1;0;0;5;12.41852;41.91876;-1;2;Autovettura privata;In marcia / fermata / arresto;Passeggero;M;Illeso;0;;Non accertato;Inesploso
2062299;10;16/05/2014 00:15;Strada Urbana;VIALE ANTONIO CIAMARRA;all'intersezione con;VIA DEL FOSSO DI S. MAURA;VIA DEL FOSSO DI S. MAURA;;;Tamponamento;Intersezione semaforizzata;Due carreggiate;Asciutto;Asfaltata;Verticale ed orizzontale;Sereno;Scarso;Sufficiente;Sufficiente;1;0;0;1;12.59054;41.85276;-1;1;Autovettura privata;In marcia / fermata / arresto;Conducente;M;Illeso;0;;Non accertato;Inesploso
2062299;10;16/05/2014 00:15;Strada Urbana;VIALE ANTONIO CIAMARRA;all'intersezione con;VIA DEL FOSSO DI S. MAURA;VIA DEL FOSSO DI S. MAURA;;;Tamponamento;Intersezione semaforizzata;Due carreggiate;Asciutto;Asfaltata;Verticale ed orizzontale;Sereno;Scarso;Sufficiente;Sufficiente;1;0;0;1;12.59054;41.85276;-1;2;Motociclo a solo;In marcia / fermata / arresto;Conducente;M;Rimandato;0;NON DECEDUTO;Non accertato;
2062300;1;14/05/2014 09:46;Strada Urbana;LUNGOTEVERE DE' CENCI;all'intersezione semaforizzata con;PONTE GARIBALDI;PONTE GARIBALDI;;;Infortunio per caduta del veicolo;Intersezione semaforizzata;Più di due carreggiate;Asciutto;Asfaltata;Verticale ed orizzontale;Sereno;Intenso;Buona;Ore Diurne;1;0;0;0;12.47647;41.89194;-1;1;Ciclomotore;In marcia / fermata / arresto;Conducente;F;Rimandato;0;NON DECEDUTO;Utilizzato;
2062308;7;15/05/2014 17:30;Strada Urbana;VIA FRANCESCO TOVAGLIERI;in prossimità;;del civico n.;403;;Scontro laterale fra veicoli in marcia;Curva a visuale libera;Una carreggiata a doppio senso;Asciutto;Asfaltata;Verticale;Nuvoloso;Scarso;Buona;Ore Diurne;1;0;0;1;12.5900428;41.883098;-1;1;Autovettura privata;In marcia / fermata / arresto;Conducente;F;Illeso;0;;Non accertato;Inesploso