Protocollo;Gruppo;DataOraIncidente;Localizzazione1;STRADA1;Localizzazione2;STRADA2;Strada02;Chilometrica;DaSpecificare;NaturaIncidente;particolaritastrade;TipoStrada;FondoStradale;Pavimentazione;Segnaletica;CondizioneAtmosferica;Traffico;Visibilita;Illuminazione;NUM_FERITI;NUM_RISERVATA;NUM_MORTI;NUM_ILLESI;Longitudine;Latitudine;Confermato;Progressivo;TipoVeicolo;StatoVeicolo;TipoPersona;Sesso;Tipolesione;Deceduto;DecedutoDopo;CinturaCascoUtilizzato;Airbag
2062504;20;15/05/2014 20:30;Strada Urbana;VIA INVERIGO;da specificare;;;;senza numero civico;Tamponamento Multiplo;Rettilineo;Una carreggiata a doppio senso;Asciutto;Asfaltata;Verticale ed orizzontale;Sereno;Scarso;Buona;Ore Diurne;1;0;0;2;12.47995;42.00301;-1;3;Autovettura privata;In marcia / fermata / arresto;Conducente;M;Illeso;0;;;
2062528;3;15/05/2014 01:40;Strada Urbana;VIA LIMA;all'intersezione con;LARGO EMANUELE RUSPOLI;LARGO EMANUELE RUSPOLI;;;Scontro laterale fra veicoli in marcia;Intersezione stradale segnalata;Una carreggiata a senso unico di marcia;Asciutto;Asfaltata;Verticale ed orizzontale;Sereno;Normale;Sufficiente;Sufficiente;2;0;0;2;12.49615;41.92362;-1;1;Autovettura privata;In marcia / fermata / arresto;Conducente;F;Illeso;0;;Utilizzato;Inesploso
2062528;3;15/05/2014 01:40;Strada Urbana;VIA LIMA;all'intersezione con;LARGO EMANUELE RUSPOLI;LARGO EMANUELE RUSPOLI;;;Scontro laterale fra veicoli in marcia;Intersezione stradale segnalata;Una carreggiata a senso unico di marcia;Asciutto;Asfaltata;Verticale ed orizzontale;Sereno;Normale;Sufficiente;Sufficiente;2;0;0;2;12.49615;41.92362;-1;1;Autovettura privata;In marcia / fermata / arresto;Passeggero;F;Illeso;0;;Utilizzato;Inesploso
2062528;3;15/05/2014 01:40;Strada Urbana;VIA LIMA;all'intersezione con;LARGO EMANUELE RUSPOLI;LARGO EMANUELE RUSPOLI;;;Scontro laterale fra veicoli in marcia;Intersezione stradale segnalata;Una carreggiata a senso unico di marcia;Asciutto;Asfaltata;Verticale ed orizzontale;Sereno;Normale;Sufficiente;Sufficiente;2;0;0;2;12.49615;41.92362;-1;2;Motociclo a solo;In marcia / fermata / arresto;Conducente;M;Rimandato;0;NON DECEDUTO;Utilizzato;
2062528;3;15/05/2014 01:40;Strada Urbana;VIA LIMA;all'intersezione con;LARGO EMANUELE RUSPOLI;LARGO EMANUELE RUSPOLI;;;Scontro laterale fra veicoli in marcia;Intersezione stradale segnalata;Una carreggiata a senso unico di marcia;Asciutto;Asfaltata;Verticale ed orizzontale;Sereno;Normale;Sufficiente;Sufficiente;2;0;0;2;12.49615;41.92362;-1;2;Motociclo a solo;In marcia / fermata / arresto;Passeggero;M;Rimandato;0;NON DECEDUTO;Utilizzato;
2062538;3;15/05/2014 14:00;Strada Urbana;VIA NOMENTANA;all'intersezione semaforizzata con;VIALE POLA;VIALE POLA;;;Scontro frontale/laterale SX fra veicoli in marcia;Intersezione semaforizzata;Più di due carreggiate;Asciutto;Asfaltata;Verticale ed orizzontale;Nuvoloso;Normale;Buona;Ore Diurne;0;0;0;4;12.51327;41.91758;-1;1;Autoambulanza;In marcia / fermata / arresto;Conducente;M;Illeso;0;;Non accertato;Inesploso
2062538;3;15/05/2014 14:00;Strada Urbana;VIA NOMENTANA;all'intersezione semaforizzata con;VIALE POLA;VIALE POLA;;;Scontro frontale/laterale SX fra veicoli in marcia;Intersezione semaforizzata;Più di due carreggiate;Asciutto;Asfaltata;Verticale ed orizzontale;Nuvoloso;Normale;Buona;Ore Diurne;0;0;0;4;12.51327;41.91758;-1;1;Autoambulanza;In marcia / fermata / arresto;Passeggero;M;Illeso;0;;Non accertato;Inesploso
2062538;3;15/05/2014 14:00;Strada Urbana;VIA NOMENTANA;all'intersezione semaforizzata con;VIALE POLA;VIALE POLA;;;Scontro frontale/laterale SX fra veicoli in marcia;Intersezione semaforizzata;Più di due carreggiate;Asciutto;Asfaltata;Verticale ed orizzontale;Nuvoloso;Normale;Buona;Ore Diurne;0;0;0;4;12.51327;41.91758;-1;2;Autovettura privata;In marcia / fermata / arresto;Conducente;F;Illeso;0;;Non accertato;Inesploso
2062538;3;15/05/2014 14:00;Strada Urbana;VIA NOMENTANA;all'intersezione semaforizzata con;VIALE POLA;VIALE POLA;;;Scontro frontale/laterale SX fra veicoli in marcia;Intersezione semaforizzata;Più di due carreggiate;Asciutto;Asfaltata;Verticale ed orizzontale;Nuvoloso;Normale;Buona;Ore Diurne;0;0;0;4;12.51327;41.91758;-1;2;Autovettura privata;In marcia / fermata / arresto;Passeggero;M;Illeso;0;;Non accertato;Inesploso
2062549;20;15/05/2014 11:09;Strada Urbana;CORSO DI FRANCIA;in corrispondenza;;del civico n.;115;;Tamponamento;Rettilineo;Due carreggiate;Asciutto;Asfaltata;Verticale ed orizzontale;Sereno;Normale;Buona;Ore Diurne;0;0;0;2;12.4704095;41.9417936;-1;1;Autovettura privata;In marcia / fermata / arresto;Conducente;F;Illeso;0;;Non accertato;
2062549;20;15/05/2014 11:09;Strada Urbana;CORSO DI FRANCIA;in corrispondenza;;del civico n.;115;;Tamponamento;Rettilineo;Due carreggiate;Asciutto;Asfaltata;Verticale ed orizzontale;Sereno;Normale;Buona;Ore Diurne;0;0;0;2;12.4704095;41.9417936;-1;2;Motociclo a solo;In marcia / fermata / arresto;Conducente;M;Illeso;0;;Non accertato;
2062672;2;16/05/2014 11:50;Strada Urbana;VIA SALARIA;all'intersezione semaforizzata con;VIA DEL FORO ITALICO;VIA DEL FORO ITALICO;;;Scontro laterale fra veicoli in marcia;Intersezione semaforizzata;Due carreggiate;Asciutto;Asfaltata;Verticale ed orizzontale;Nuvoloso;Intenso;Buona;Ore Diurne;1;0;0;2;12.50883;41.93581;-1;1;Motociclo a solo;In marcia / fermata / arresto;Conducente;M;Rimandato;0;NON DECEDUTO;Non accertato;
2062672;2;16/05/2014 11:50;Strada Urbana;VIA SALARIA;all'intersezione semaforizzata con;VIA DEL FORO ITALICO;VIA DEL FORO ITALICO;;;Scontro laterale fra veicoli in marcia;Intersezione semaforizzata;Due carreggiate;Asciutto;Asfaltata;Verticale ed orizzontale;Nuvoloso;Intenso;Buona;Ore Diurne;1;0;0;2;12.50883;41.93581;-1;2;Autocarro inferiore 35 q.;In marcia / fermata / arresto;Conducente;M;Illeso;0;;Non accertato;Inesploso
2062672;2;16/05/2014 11:50;Strada Urbana;VIA SALARIA;all'intersezione semaforizzata con;VIA DEL FORO ITALICO;VIA DEL FORO ITALICO;;;Scontro laterale fra veicoli in marcia;Intersezione semaforizzata;Due carreggiate;Asciutto;Asfaltata;Verticale ed orizzontale;Nuvoloso;Intenso;Buona;Ore Diurne;1;0;0;2;12.50883;41.93581;-1;2;Autocarro inferiore 35 q.;In marcia / fermata / arresto;Passeggero;M;Illeso;0;;Non accertato;Inesploso
2062679;9;16/05/2014 13:20;Strada Urbana;PIAZZA DEI RE DI ROMA;in prossimità;;del civico n.;62;;Scontro laterale fra veicoli in marcia;Rotatoria;Una carreggiata a senso unico di marcia;Asciutto;Asfaltata;Verticale;Sereno;Normale;Buona;Ore Diurne;0;0;0;3;12.51475;41.88227;-1;1;Autovettura privata;In marcia / fermata / arresto;Conducente;M;Illeso;0;;Utilizzato;Inesploso
2062679;9;16/05/2014 13:20;Strada Urbana;PIAZZA DEI RE DI ROMA;in prossimità;;del civico n.;62;;Scontro laterale fra veicoli in marcia;Rotatoria;Una carreggiata a senso unico di marcia;Asciutto;Asfaltata;Verticale;Sereno;Normale;Buona;Ore Diurne;0;0;0;3;12.51475;41.88227;-1;1;Autovettura privata;In marcia / fermata / arresto;Passeggero;F;Illeso;0;;Utilizzato;Inesploso
2062679;9;16/05/2014 13:20;Strada Urbana;PIAZZA DEI RE DI ROMA;in prossimità;;del civico n.;62;;Scontro laterale fra veicoli in marcia;Rotatoria;Una carreggiata a senso unico di marcia;Asciutto;Asfaltata;Verticale;Sereno;Normale;Buona;Ore Diurne;0;0;0;3;12.51475;41.88227;-1;2;Autovettura privata;In marcia / fermata / arresto;Conducente;F;Illeso;0;;Utilizzato;Inesploso
2062738;7;16/05/2014 07:15;Strada Urbana;VIALE PALMIRO TOGLIATTI;in prossimità;;del palo luce n.;378;;Scontro laterale fra veicoli in marcia;Rettilineo;Due carreggiate;Viscido da liquidi oleosi;Asfaltata;Verticale ed orizzontale;Nuvoloso;Intenso;Buona;Ore Diurne;2;0;0;0;12.5758;41.89742;-1;1;Motociclo a solo;In marcia / fermata / arresto;Conducente;M;Rimandato;0;NON DECEDUTO;Non accertato;
2062738;7;16/05/2014 07:15;Strada Urbana;VIALE PALMIRO TOGLIATTI;in prossimità;;del palo luce n.;378;;Scontro laterale fra veicoli in marcia;Rettilineo;Due carreggiate;Viscido da liquidi oleosi;Asfaltata;Verticale ed orizzontale;Nuvoloso;Intenso;Buona;Ore Diurne;2;0;0;0;12.5758;41.89742;-1;2;Motociclo a solo;In marcia / fermata / arresto;Conducente;M;Rimandato;0;NON DECEDUTO;Non accertato;
2062782;17;15/05/2014 15:20;Strada Urbana;VIA LEONE IV;in prossimità;;del civico n.;121;;Veicolo in marcia contro veicoli in sosta;Rettilineo;Una carreggiata a doppio senso;Asciutto;Asfaltata;Verticale ed orizzontale;Sereno;Normale;Buona;Ore Diurne;0;0;0;1;12.4552303;41.9098392;-1;1;Autovettura privata;In marcia / fermata / arresto;Conducente;M;Illeso;0;;Non accertato;Inesploso
2062845;10;16/05/2014 13:40;Strada Urbana;VIA APPIA NUOVA;in prossimità;;del civico n.;864;;Tamponamento;Rettilineo;Una carreggiata a doppio senso;Asciutto;Asfaltata;Verticale;Sereno;Intenso;Insufficiente;Ore Diurne;0;0;0;1;12.55135;41.84615;-1;1;Autovettura privata;In marcia / fermata / arresto;Conducente;M;Illeso;0;;Non accertato;Inesploso
2062879;6;16/05/2014 12:45;Strada Urbana;VIA SALVATORE TALAMO;all'intersezione con;VIA COLLATINA;VIA COLLATINA;;;Scontro frontale/laterale DX fra veicoli in marcia;Incrocio;Una carreggiata a senso unico di marcia;Asciutto;Asfaltata;Orizzontale;Nuvoloso;Scarso;Buona;Ore Diurne;0;0;0;3;12.56433;41.89925;-1;1;Autovettura privata;In marcia / fermata / arresto;Conducente;M;Illeso;0;;Non accertato;Inesistente
2062879;6;16/05/2014 12:45;Strada Urbana;VIA SALVATORE TALAMO;all'intersezione con;VIA COLLATINA;VIA COLLATINA;;;Scontro frontale/laterale DX fra veicoli in marcia;Incrocio;Una carreggiata a senso unico di marcia;Asciutto;Asfaltata;Orizzontale;Nuvoloso;Scarso;Buona;Ore Diurne;0;0;0;3;12.56433;41.89925;-1;1;Autovettura privata;In marcia / fermata / arresto;Passeggero;M;Illeso;0;;Non accertato;Inesistente
2062879;6;16/05/2014 12:45;Strada Urbana;VIA SALVATORE TALAMO;all'intersezione con;VIA COLLATINA;VIA COLLATINA;;;Scontro frontale/laterale DX fra veicoli in marcia;Incrocio;Una carreggiata a senso unico di marcia;Asciutto;Asfaltata;Orizzontale;Nuvoloso;Scarso;Buona;Ore Diurne;0;0;0;3;12.56433;41.89925;-1;2;Autovettura privata;In marcia / fermata / arresto;Conducente;F;Illeso;0;;Non accertato;Inesistente
2062905;7;16/05/2014 08:00;Strada Urbana;VIA DEI CASTANI;all'intersezione con;VIA DELLE ROBINIE;VIA DELLE ROBINIE;;;Scontro frontale/laterale DX fra veicoli in marcia;Incrocio;Una carreggiata a doppio senso;Asciutto;Asfaltata;Verticale ed orizzontale;Nuvoloso;Normale;Buona;Ore Diurne;0;0;0;2;12.56672;41.88268;-1;1;Autovettura privata;In marcia / fermata / arresto;Conducente;F;Illeso;0;;Non accertato;Inesploso
2062905;7;16/05/2014 08:00;Strada Urbana;VIA DEI CASTANI;all'intersezione con;VIA DELLE ROBINIE;VIA DELLE ROBINIE;;;Scontro frontale/laterale DX fra veicoli in marcia;Incrocio;Una carreggiata a doppio senso;Asciutto;Asfaltata;Verticale ed orizzontale;Nuvoloso;Normale;Buona;Ore Diurne;0;0;0;2;12.56672;41.88268;-1;2;Autovettura privata;In marcia / fermata / arresto;Conducente;F;Illeso;0;;Non accertato;Inesploso
2063037;11;16/05/2014 11:20;Strada Urbana;VIA SIMONE MARTINI;all'intersezione con;VIA DUCCIO DI BUONINSEGNA;VIA DUCCIO DI BUONINSEGNA;;;Scontro laterale fra veicoli in marcia;Incrocio;Una carreggiata a doppio senso;Asciutto;Asfaltata;Verticale ed orizzontale;Nuvoloso;Intenso;Buona;Ore Diurne;0;0;0;2;12.4882;41.8298;-1;1;Autobus urbano;In marcia / fermata / arresto;Conducente;M;Illeso;0;;Non accertato;Inesistente
2063037;11;16/05/2014 11:20;Strada Urbana;VIA SIMONE MARTINI;all'intersezione con;VIA DUCCIO DI BUONINSEGNA;VIA DUCCIO DI BUONINSEGNA;;;Scontro laterale fra veicoli in marcia;Incrocio;Una carreggiata a doppio senso;Asciutto;Asfaltata;Verticale ed orizzontale;Nuvoloso;Intenso;Buona;Ore Diurne;0;0;0;2;12.4882;41.8298;-1;2;Autovettura privata;In marcia / fermata / arresto;Conducente;M;Illeso;0;;Non accertato;Inesploso
2063042;11;16/05/2014 06:35;Strada Urbana;VIA ALESSANDRA MACINGHI STROZZI;da specificare;;;;"fornte chiesa "" san filippo neri""";Veicolo in marcia contro veicolo in sosta;Rettilineo;Una carreggiata a doppio senso;Asciutto;Asfaltata;Orizzontale;Nuvoloso;Scarso;Buona;Ore Diurne;0;0;0;1;12.49215;41.85999;-1;2;Autovettura privata;In marcia / fermata / arresto;Conducente;M;Illeso;0;;;
2063045;11;16/05/2014 13:45;Strada Urbana;VIA APPIA ANTICA;all'intersezione con;VIA DI S. SEBASTIANO;VIA DI S. SEBASTIANO;;;Scontro laterale fra veicoli in marcia;Incrocio;Una carreggiata a doppio senso;Asciutto;Acciotolata;Verticale ed orizzontale;Nuvoloso;Normale;Buona;Ore Diurne;0;0;0;2;12.51766;41.85463;-1;1;Autovettura privata;In marcia / fermata / arresto;Conducente;F;Illeso;0;;Non accertato;
2063045;11;16/05/2014 13:45;Strada Urbana;VIA APPIA ANTICA;all'intersezione con;VIA DI S. SEBASTIANO;VIA DI S. SEBASTIANO;;;Scontro laterale fra veicoli in marcia;Incrocio;Una carreggiata a doppio senso;Asciutto;Acciotolata;Verticale ed orizzontale;Nuvoloso;Normale;Buona;Ore Diurne;0;0;0;2;12.51766;41.85463;-1;2;Autovettura privata;In marcia / fermata / arresto;Conducente;F;Illeso;0;;Non accertato;Inesploso
2063049;15;16/05/2014 13:10;Strada Urbana;VIA DEL PONTE PISANO;da specificare;;;;altezza palo luce n.  20;Tamponamento Multiplo;Rettilineo;Una carreggiata a doppio senso;Asciutto;Asfaltata;Verticale ed orizzontale;Sereno;Scarso;Buona;Ore Diurne;1;0;0;3;12.40217;41.85008;-1;1;Autovettura privata;In marcia / fermata / arresto;Conducente;M;Illeso;0;;;
2063049;15;16/05/2014 13:10;Strada Urbana;VIA DEL PONTE PISANO;da specificare;;;;altezza palo luce n.  20;Tamponamento Multiplo;Rettilineo;Una carreggiata a doppio senso;Asciutto;Asfaltata;Verticale ed orizzontale;Sereno;Scarso;Buona;Ore Diurne;1;0;0;3;12.40217;41.85008;-1;2;Autovettura privata;In marcia / fermata / arresto;Conducente;M;Illeso;0;;;
2063049;15;16/05/2014 13:10;Strada Urbana;VIA DEL PONTE PISANO;da specificare;;;;altezza palo luce n.  20;Tamponamento Multiplo;Rettilineo;Una carreggiata a doppio senso;Asciutto;Asfaltata;Verticale ed orizzontale;Sereno;Scarso;Buona;Ore Diurne;1;0;0;3;12.40217;41.85008;-1;2;Autovettura privata;In marcia / fermata / arresto;Passeggero;M;Rimandato;0;NON DECEDUTO;;
2063049;15;16/05/2014 13:10;Strada Urbana;VIA DEL PONTE PISANO;da specificare;;;;altezza palo luce n.  20;Tamponamento Multiplo;Rettilineo;Una carreggiata a doppio senso;Asciutto;Asfaltata;Verticale ed orizzontale;Sereno;Scarso;Buona;Ore Diurne;1;0;0;3;12.40217;41.85008;-1;3;Autovettura privata;In marcia / fermata / arresto;Conducente;M;Illeso;0;;;
2063050;11;16/05/2014 16:45;Strada Urbana;VIA POGGIO AMENO;in corrispondenza;;del civico n.;40;;Ribaltamento senza urto contro ostacolo fisso;Rettilineo;Due carreggiate;Asciutto;Asfaltata;Verticale ed orizzontale;Nuvoloso;Normale;Buona;Ore Diurne;0;0;0;3;12.49015;41.84774;-1;1;Autovettura privata;In marcia / fermata / arresto;Conducente;F;Illeso;0;;Non accertato;Inesploso
2063050;11;16/05/2014 16:45;Strada Urbana;VIA POGGIO AMENO;in corrispondenza;;del civico n.;40;;Ribaltamento senza urto contro ostacolo fisso;Rettilineo;Due carreggiate;Asciutto;Asfaltata;Verticale ed orizzontale;Nuvoloso;Normale;Buona;Ore Diurne;0;0;0;3;12.49015;41.84774;-1;2;Autovettura privata;In marcia / fermata / arresto;Conducente;M;Illeso;0;;;
2063050;11;16/05/2014 16:45;Strada Urbana;VIA POGGIO AMENO;in corrispondenza;;del civico n.;40;;Ribaltamento senza urto contro ostacolo fisso;Rettilineo;Due carreggiate;Asciutto;Asfaltata;Verticale ed orizzontale;Nuvoloso;Normale;Buona;Ore Diurne;0;0;0;3;12.49015;41.84774;-1;2;Autovettura privata;In marcia / fermata / arresto;Passeggero;F;Illeso;0;;Non accertato;
2063054;15;16/05/2014 11:55;Strada Urbana;VIALE GUGLIELMO MARCONI;in corrispondenza;;del civico n.;244;;Scontro laterale fra veicoli in marcia;Rettilineo;Due carreggiate;Asciutto;Asfaltata;Assente;Sereno;Normale;Buona;Ore Diurne;1;0;0;1;12.4693435;41.8634648;-1;1;Motociclo con passeggero;In marcia / fermata / arresto;Conducente;M;Rimandato;0;NON DECEDUTO;Utilizzato;
2063054;15;16/05/2014 11:55;Strada Urbana;VIALE GUGLIELMO MARCONI;in corrispondenza;;del civico n.;244;;Scontro laterale fra veicoli in marcia;Rettilineo;Due carreggiate;Asciutto;Asfaltata;Assente;Sereno;Normale;Buona;Ore Diurne;1;0;0;1;12.4693435;41.8634648;-1;2;Autovettura privata;In marcia / fermata / arresto;Conducente;M;Illeso;0;;Utilizzato;
2063055;6;16/05/2014 16:30;Strada Urbana;VIA DEI GORDIANI;da specificare;;;;ALTEZZA VIA ANAGNI;Scontro frontale/laterale SX fra veicoli in marcia;Rotatoria;Una carreggiata a senso unico di marcia;Asciutto;Asfaltata;Orizzontale;Nuvoloso;Normale;Sufficiente;Ore Diurne;0;0;0;2;12.5539;41.89011;-1;1;Autovettura privata;In marcia / fermata / arresto;Conducente;M;Illeso;0;;Non accertato;Inesploso
2063055;6;16/05/2014 16:30;Strada Urbana;VIA DEI GORDIANI;da specificare;;;;ALTEZZA VIA ANAGNI;Scontro frontale/laterale SX fra veicoli in marcia;Rotatoria;Una carreggiata a senso unico di marcia;Asciutto;Asfaltata;Orizzontale;Nuvoloso;Normale;Sufficiente;Ore Diurne;0;0;0;2;12.5539;41.89011;-1;2;Autovettura privata;In marcia / fermata / arresto;Conducente;F;Illeso;0;;Non accertato;Inesploso
2063056;11;16/05/2014 12:45;Strada Urbana;VIALE GIUSTINIANO IMPERATORE;all'intersezione semaforizzata con;VIA DELLA VILLA DI LUCINA;VIA DELLA VILLA DI LUCINA;;;Investimento di pedone;Intersezione semaforizzata;Due carreggiate;Asciutto;Asfaltata;Verticale ed orizzontale;Nuvoloso;Scarso;Buona;Ore Diurne;1;0;0;1;12.48412;41.85592;-1;;;;Pedone;F;Rimandato;0;NON DECEDUTO;;
2063056;11;16/05/2014 12:45;Strada Urbana;VIALE GIUSTINIANO IMPERATORE;all'intersezione semaforizzata con;VIA DELLA VILLA DI LUCINA;VIA DELLA VILLA DI LUCINA;;;Investimento di pedone;Intersezione semaforizzata;Due carreggiate;Asciutto;Asfaltata;Verticale ed orizzontale;Nuvoloso;Scarso;Buona;Ore Diurne;1;0;0;1;12.48412;41.85592;-1;1;Autovettura privata;In marcia / fermata / arresto;Conducente;M;Illeso;0;;Utilizzato;Inesploso
2063059;15;17/05/2014;Strada Urbana;VIA AURELIA;da specificare;;;;Km. 9,7;Veicolo in marcia contro ostacolo fisso;Rettilineo;Più di due carreggiate;Asciutto;Asfaltata;Verticale ed orizzontale;Sereno;Scarso;Sufficiente;Sufficiente;2;0;0;0;12.37308;41.88672;-1;1;Autovettura privata;In marcia / fermata / arresto;Conducente;F;Rimandato;0;NON DECEDUTO;Non accertato;
2063059;15;17/05/2014;Strada Urbana;VIA AURELIA;da specificare;;;;Km. 9,7;Veicolo in marcia contro ostacolo fisso;Rettilineo;Più di due carreggiate;Asciutto;Asfaltata;Verticale ed orizzontale;Sereno;Scarso;Sufficiente;Sufficiente;2;0;0;0;12.37308;41.88672;-1;1;Autovettura privata;In marcia / fermata / arresto;Passeggero;M;Rimandato;0;NON DECEDUTO;Non accertato;
2063064;13;16/05/2014 14:00;Strada Urbana;VIA SAN CANDIDO;da specificare;;;;in prossimità Via G. Nicolini palo ACEA n°22;Scontro frontale/laterale SX fra veicoli in marcia;Rettilineo;Una carreggiata a doppio senso;Asciutto;Con buche;Assente;Nuvoloso;Scarso;Buona;Ore Diurne;0;0;0;2;12.35952;41.72578;-1;1;Autovettura privata;In marcia / fermata / arresto;Conducente;M;Illeso;0;;Non accertato;Inesploso
2063064;13;16/05/2014 14:00;Strada Urbana;VIA SAN CANDIDO;da specificare;;;;in prossimità Via G. Nicolini palo ACEA n°22;Scontro frontale/laterale SX fra veicoli in marcia;Rettilineo;Una carreggiata a doppio senso;Asciutto;Con buche;Assente;Nuvoloso;Scarso;Buona;Ore Diurne;0;0;0;2;12.35952;41.72578;-1;2;Motociclo con passeggero;In marcia / fermata / arresto;Conducente;M;Illeso;0;;Non accertato;
2063066;2;16/05/2014 17:30;Strada Urbana;VIA APPENNINI;in prossimità;;del civico n.;27;;Veicolo in marcia contro veicoli in sosta;Rettilineo;Una carreggiata a senso unico di marcia;Asciutto;Asfaltata;Verticale ed orizzontale;Sereno;Scarso;Buona;Ore Diurne;0;0;0;1;12.50829;41.91772;-1;1;Autovettura privata;In marcia / fermata / arresto;Conducente;M;Illeso;0;;Non accertato;Inesploso
2063069;8;16/05/2014 14:00;Strada Urbana;VIA DI TORRENOVA;in prossimità;;del civico n.;413;;Scontro frontale/laterale SX fra veicoli in marcia;Rettilineo;Una carreggiata a doppio senso;Asciutto;Asfaltata;Orizzontale;Nuvoloso;Normale;Buona;Ore Diurne;1;0;0;1;12.61915;41.88476;-1;1;Autovettura privata;In marcia / fermata / arresto;Conducente;M;Rimandato;0;NON DECEDUTO;Non accertato;Inesploso
2063069;8;16/05/2014 14:00;Strada Urbana;VIA DI TORRENOVA;in prossimità;;del civico n.;413;;Scontro frontale/laterale SX fra veicoli in marcia;Rettilineo;Una carreggiata a doppio senso;Asciutto;Asfaltata;Orizzontale;Nuvoloso;Normale;Buona;Ore Diurne;1;0;0;1;12.61915;41.88476;-1;2;Autovettura pubblica;In marcia / fermata / arresto;Conducente;M;Illeso;0;;Non accertato;Inesploso
2063071;8;16/05/2014 18:00;Strada Urbana;VIA AMARETTA;all'intersezione con;VIA ENRICO DELL'ACQUA;VIA ENRICO DELL'ACQUA;;;Scontro frontale/laterale SX fra veicoli in marcia;Incrocio;Una carreggiata a senso unico di marcia;Asciutto;Asfaltata;Verticale;Nuvoloso;Scarso;Buona;Ore Diurne;1;0;0;2;12.64997;41.86578;-1;1;Autovettura privata;In marcia / fermata / arresto;Conducente;M;Illeso;0;;Non accertato;Inesploso
2063071;8;16/05/2014 18:00;Strada Urbana;VIA AMARETTA;all'intersezione con;VIA ENRICO DELL'ACQUA;VIA ENRICO DELL'ACQUA;;;Scontro frontale/laterale SX fra veicoli in marcia;Incrocio;Una carreggiata a senso unico di marcia;Asciutto;Asfaltata;Verticale;Nuvoloso;Scarso;Buona;Ore Diurne;1;0;0;2;12.64997;41.86578;-1;1;Autovettura privata;In marcia / fermata / arresto;Passeggero;F;Rifiuta cure immediate;0;NON DECEDUTO;Non accertato;Inesploso
2063071;8;16/05/2014 18:00;Strada Urbana;VIA AMARETTA;all'intersezione con;VIA ENRICO DELL'ACQUA;VIA ENRICO DELL'ACQUA;;;Scontro frontale/laterale SX fra veicoli in marcia;Incrocio;Una carreggiata a senso unico di marcia;Asciutto;Asfaltata;Verticale;Nuvoloso;Scarso;Buona;Ore Diurne;1;0;0;2;12.64997;41.86578;-1;2;Autovettura privata;In marcia / fermata / arresto;Conducente;M;Illeso;0;;Non accertato;Inesploso
2063073;8;17/05/2014 04:00;Strada Urbana;VIA DEI RUDERI DI TORRENOVA;da specificare;;;;all'intersezione con via Casilina;Tamponamento;Rettilineo;Una carreggiata a doppio senso;Asciutto;Asfaltata;Verticale ed orizzontale;Sereno;Normale;Buona;Insufficiente;0;0;0;4;12.60454;41.86461;-1;1;Autovettura privata;In marcia / fermata / arresto;Conducente;M;Illeso;0;;Non accertato;Inesploso
2063073;8;17/05/2014 04:00;Strada Urbana;VIA DEI RUDERI DI TORRENOVA;da specificare;;;;all'intersezione con via Casilina;Tamponamento;Rettilineo;Una carreggiata a doppio senso;Asciutto;Asfaltata;Verticale ed orizzontale;Sereno;Normale;Buona;Insufficiente;0;0;0;4;12.60454;41.86461;-1;1;Autovettura privata;In marcia / fermata / arresto;Passeggero;F;Illeso;0;;Non accertato;Inesploso
2063073;8;17/05/2014 04:00;Strada Urbana;VIA DEI RUDERI DI TORRENOVA;da specificare;;;;all'intersezione con via Casilina;Tamponamento;Rettilineo;Una carreggiata a doppio senso;Asciutto;Asfaltata;Verticale ed orizzontale;Sereno;Normale;Buona;Insufficiente;0;0;0;4;12.60454;41.86461;-1;2;Autovettura privata;In marcia / fermata / arresto;Conducente;M;Illeso;0;;Non accertato;Inesploso
2063073;8;17/05/2014 04:00;Strada Urbana;VIA DEI RUDERI DI TORRENOVA;da specificare;;;;all'intersezione con via Casilina;Tamponamento;Rettilineo;Una carreggiata a doppio senso;Asciutto;Asfaltata;Verticale ed orizzontale;Sereno;Normale;Buona;Insufficiente;0;0;0;4;12.60454;41.86461;-1;2;Autovettura privata;In marcia / fermata / arresto;Passeggero;F;Illeso;0;;Non accertato;Inesploso
2063074;7;16/05/2014 09:00;Strada Urbana;VIA FILIBERTO PETITI;in prossimità;;del palo luce n.;16;;Scontro frontale/laterale DX fra veicoli in marcia;Rettilineo;Una carreggiata a doppio senso;Asciutto;Asfaltata;Orizzontale;Nuvoloso;Scarso;Buona;Ore Diurne;1;0;0;0;12.60232;41.90566;-1;1;Autovettura privata;In marcia / fermata / arresto;Conducente;M;Rimandato;0;NON DECEDUTO;Non accertato;Inesploso
2063079;5;16/05/2014 10:05;Strada Urbana;VIA DI CASAL BIANCO;all'intersezione con;VIA RUBELLIA;VIA RUBELLIA;;;Scontro frontale/laterale DX fra veicoli in marcia;Incrocio;Una carreggiata a doppio senso;Asciutto;Asfaltata;Verticale ed orizzontale;Sereno;Normale;Buona;Ore Diurne;0;0;0;2;12.62354;41.93899;-1;1;Autovettura privata;In marcia / fermata / arresto;Conducente;M;Illeso;0;;Non accertato;Inesploso
2063079;5;16/05/2014 10:05;Strada Urbana;VIA DI CASAL BIANCO;all'intersezione con;VIA RUBELLIA;VIA RUBELLIA;;;Scontro frontale/laterale DX fra veicoli in marcia;Incrocio;Una carreggiata a doppio senso;Asciutto;Asfaltata;Verticale ed orizzontale;Sereno;Normale;Buona;Ore Diurne;0;0;0;2;12.62354;41.93899;-1;2;Autovettura privata;In marcia / fermata / arresto;Conducente;F;Illeso;0;;Utilizzato;Inesploso