Protocollo;Gruppo;DataOraIncidente;Localizzazione1;STRADA1;Localizzazione2;STRADA2;Strada02;Chilometrica;DaSpecificare;NaturaIncidente;particolaritastrade;TipoStrada;FondoStradale;Pavimentazione;Segnaletica;CondizioneAtmosferica;Traffico;Visibilita;Illuminazione;NUM_FERITI;NUM_RISERVATA;NUM_MORTI;NUM_ILLESI;Longitudine;Latitudine;Confermato;Progressivo;TipoVeicolo;StatoVeicolo;TipoPersona;Sesso;Tipolesione;Deceduto;DecedutoDopo;CinturaCascoUtilizzato;Airbag
2069585;4;23/05/2014 14:45;Strada Urbana;VIA RODOLFO VALENTINO;in prossimità;;del civico n.;5;;Investimento di pedone;Rettilineo;Una carreggiata a senso unico di marcia;Asciutto;Asfaltata;Verticale;Nuvoloso;Normale;Buona;Ore Diurne;1;0;0;4;12.53587;41.95398;-1;1;Autovettura privata;In marcia / fermata / arresto;Passeggero;F;Illeso;0;;Non accertato;
2069585;4;23/05/2014 14:45;Strada Urbana;VIA RODOLFO VALENTINO;in prossimità;;del civico n.;5;;Investimento di pedone;Rettilineo;Una carreggiata a senso unico di marcia;Asciutto;Asfaltata;Verticale;Nuvoloso;Normale;Buona;Ore Diurne;1;0;0;4;12.53587;41.95398;-1;1;Autovettura privata;In marcia / fermata / arresto;Passeggero;M;Illeso;0;;Non accertato;
2069589;3;26/05/2014 03:00;Strada Urbana;PIAZZA SALERNO;in prossimità;;del civico n.;3;;Veicolo in marcia contro ostacolo fisso;Rotatoria;Una carreggiata a senso unico di marcia;Bagnato (pioggia);Asfaltata;Verticale ed orizzontale;Nuvoloso;Scarso;Buona;Sufficiente;0;0;0;2;12.5132677;41.9104653;-1;1;Autovettura privata;In marcia / fermata / arresto;Conducente;M;Illeso;0;;Non accertato;Inesploso
2069589;3;26/05/2014 03:00;Strada Urbana;PIAZZA SALERNO;in prossimità;;del civico n.;3;;Veicolo in marcia contro ostacolo fisso;Rotatoria;Una carreggiata a senso unico di marcia;Bagnato (pioggia);Asfaltata;Verticale ed orizzontale;Nuvoloso;Scarso;Buona;Sufficiente;0;0;0;2;12.5132677;41.9104653;-1;1;Autovettura privata;In marcia / fermata / arresto;Passeggero;M;Illeso;0;;Non accertato;Inesploso
2069594;6;23/05/2014 16:40;Strada Urbana;VIA DEI GORDIANI;in prossimità;;del civico n.;193;;Investimento di pedone;Rettilineo;Due carreggiate;Asciutto;Asfaltata;Orizzontale;Nuvoloso;Normale;Buona;Ore Diurne;1;0;0;1;12.5541;41.88589;-1;;;;Pedone;M;Rimandato;0;NON DECEDUTO;;
2069594;6;23/05/2014 16:40;Strada Urbana;VIA DEI GORDIANI;in prossimità;;del civico n.;193;;Investimento di pedone;Rettilineo;Due carreggiate;Asciutto;Asfaltata;Orizzontale;Nuvoloso;Normale;Buona;Ore Diurne;1;0;0;1;12.5541;41.88589;-1;1;Autovettura privata;In marcia / fermata / arresto;Conducente;M;Illeso;0;;Non accertato;Inesistente
2069595;17;24/05/2014 11:00;Strada Urbana;VIA MARCANTONIO COLONNA;all'intersezione con;VIA DEGLI SCIPIONI;VIA DEGLI SCIPIONI;;;Scontro frontale/laterale SX fra veicoli in marcia;Intersezione stradale segnalata;Una carreggiata a doppio senso;Asciutto;Asfaltata;Verticale ed orizzontale;Sereno;Intenso;Buona;Ore Diurne;1;0;0;1;12.46695;41.91;-1;1;Autovettura privata;In marcia / fermata / arresto;Conducente;M;Illeso;0;;Non accertato;Inesploso
2069595;17;24/05/2014 11:00;Strada Urbana;VIA MARCANTONIO COLONNA;all'intersezione con;VIA DEGLI SCIPIONI;VIA DEGLI SCIPIONI;;;Scontro frontale/laterale SX fra veicoli in marcia;Intersezione stradale segnalata;Una carreggiata a doppio senso;Asciutto;Asfaltata;Verticale ed orizzontale;Sereno;Intenso;Buona;Ore Diurne;1;0;0;1;12.46695;41.91;-1;2;Motociclo a solo;In marcia / fermata / arresto;Conducente;M;Rimandato;0;NON DECEDUTO;Non accertato;
2069596;4;23/05/2014 14:20;Strada Urbana;VIA GIUSEPPE DE SANTIS;in prossimità;;del civico n.;19;;Investimento di pedone;Rettilineo;Una carreggiata a doppio senso;Asciutto;Asfaltata;Verticale ed orizzontale;Nuvoloso;Normale;Sufficiente;Ore Diurne;2;0;0;2;12.5377037;41.9655533;-1;;;;Pedone;F;Rimandato;0;NON DECEDUTO;;
2069596;4;23/05/2014 14:20;Strada Urbana;VIA GIUSEPPE DE SANTIS;in prossimità;;del civico n.;19;;Investimento di pedone;Rettilineo;Una carreggiata a doppio senso;Asciutto;Asfaltata;Verticale ed orizzontale;Nuvoloso;Normale;Sufficiente;Ore Diurne;2;0;0;2;12.5377037;41.9655533;-1;;;;Pedone;M;Rimandato;0;NON DECEDUTO;;
2069596;4;23/05/2014 14:20;Strada Urbana;VIA GIUSEPPE DE SANTIS;in prossimità;;del civico n.;19;;Investimento di pedone;Rettilineo;Una carreggiata a doppio senso;Asciutto;Asfaltata;Verticale ed orizzontale;Nuvoloso;Normale;Sufficiente;Ore Diurne;2;0;0;2;12.5377037;41.9655533;-1;1;Autovettura privata;In marcia / fermata / arresto;Conducente;F;Illeso;0;;Non accertato;
2069596;4;23/05/2014 14:20;Strada Urbana;VIA GIUSEPPE DE SANTIS;in prossimità;;del civico n.;19;;Investimento di pedone;Rettilineo;Una carreggiata a doppio senso;Asciutto;Asfaltata;Verticale ed orizzontale;Nuvoloso;Normale;Sufficiente;Ore Diurne;2;0;0;2;12.5377037;41.9655533;-1;1;Autovettura privata;In marcia / fermata / arresto;Passeggero;M;Illeso;0;;Non accertato;
2069620;4;23/05/2014 19:45;Strada Urbana;VIA ARTURO GRAF;in prossimità;;del civico n.;52/C;;Scontro laterale fra veicoli in marcia;Rettilineo;Due carreggiate;Asciutto;Asfaltata;Verticale ed orizzontale;Sereno;Normale;Buona;Sufficiente;1;0;0;2;12.55252;41.9432;-1;1;Motociclo a solo;In marcia / fermata / arresto;Conducente;M;Rimandato;0;NON DECEDUTO;Non accertato;
2069620;4;23/05/2014 19:45;Strada Urbana;VIA ARTURO GRAF;in prossimità;;del civico n.;52/C;;Scontro laterale fra veicoli in marcia;Rettilineo;Due carreggiate;Asciutto;Asfaltata;Verticale ed orizzontale;Sereno;Normale;Buona;Sufficiente;1;0;0;2;12.55252;41.9432;-1;2;Autovettura privata;In marcia / fermata / arresto;Conducente;M;Illeso;0;;Non accertato;Inesploso
2069620;4;23/05/2014 19:45;Strada Urbana;VIA ARTURO GRAF;in prossimità;;del civico n.;52/C;;Scontro laterale fra veicoli in marcia;Rettilineo;Due carreggiate;Asciutto;Asfaltata;Verticale ed orizzontale;Sereno;Normale;Buona;Sufficiente;1;0;0;2;12.55252;41.9432;-1;2;Autovettura privata;In marcia / fermata / arresto;Passeggero;F;Illeso;0;;Non accertato;Inesploso
2069627;1;24/05/2014 17:15;Strada Urbana;PIAZZA CELIMONTANA;in prossimità;;del palo luce n.;13;;Veicolo in marcia contro veicoli in sosta;Rettilineo;Una carreggiata a senso unico di marcia;Asciutto;Asfaltata;Verticale ed orizzontale;Sereno;Scarso;Buona;Ore Diurne;0;0;0;1;12.4957;41.88714;-1;1;Autovettura privata;In marcia / fermata / arresto;Conducente;M;Illeso;0;;Non accertato;
2069628;13;25/05/2014 21:55;Strada Urbana;CORSO DUCA DI GENOVA;in corrispondenza;;del civico n.;26;;Scontro frontale/laterale DX fra veicoli in marcia;Rettilineo;Una carreggiata a doppio senso;Bagnato (pioggia);Asfaltata;Verticale ed orizzontale;Nuvoloso;Normale;Buona;Sufficiente;3;0;0;2;12.26572;41.73584;-1;1;Autovettura privata;In marcia / fermata / arresto;Conducente;M;Illeso;0;;Non accertato;Inesploso
2069628;13;25/05/2014 21:55;Strada Urbana;CORSO DUCA DI GENOVA;in corrispondenza;;del civico n.;26;;Scontro frontale/laterale DX fra veicoli in marcia;Rettilineo;Una carreggiata a doppio senso;Bagnato (pioggia);Asfaltata;Verticale ed orizzontale;Nuvoloso;Normale;Buona;Sufficiente;3;0;0;2;12.26572;41.73584;-1;2;Autovettura privata;In marcia / fermata / arresto;Conducente;F;Rimandato;0;NON DECEDUTO;Non accertato;Inesploso
2069628;13;25/05/2014 21:55;Strada Urbana;CORSO DUCA DI GENOVA;in corrispondenza;;del civico n.;26;;Scontro frontale/laterale DX fra veicoli in marcia;Rettilineo;Una carreggiata a doppio senso;Bagnato (pioggia);Asfaltata;Verticale ed orizzontale;Nuvoloso;Normale;Buona;Sufficiente;3;0;0;2;12.26572;41.73584;-1;2;Autovettura privata;In marcia / fermata / arresto;Passeggero;M;Rimandato;0;NON DECEDUTO;Non accertato;Inesploso
2069628;13;25/05/2014 21:55;Strada Urbana;CORSO DUCA DI GENOVA;in corrispondenza;;del civico n.;26;;Scontro frontale/laterale DX fra veicoli in marcia;Rettilineo;Una carreggiata a doppio senso;Bagnato (pioggia);Asfaltata;Verticale ed orizzontale;Nuvoloso;Normale;Buona;Sufficiente;3;0;0;2;12.26572;41.73584;-1;2;Autovettura privata;In marcia / fermata / arresto;Passeggero;F;Rimandato;0;NON DECEDUTO;Non accertato;Inesploso
2069628;13;25/05/2014 21:55;Strada Urbana;CORSO DUCA DI GENOVA;in corrispondenza;;del civico n.;26;;Scontro frontale/laterale DX fra veicoli in marcia;Rettilineo;Una carreggiata a doppio senso;Bagnato (pioggia);Asfaltata;Verticale ed orizzontale;Nuvoloso;Normale;Buona;Sufficiente;3;0;0;2;12.26572;41.73584;-1;2;Autovettura privata;In marcia / fermata / arresto;Passeggero;M;Illeso;0;;Non accertato;Inesploso
2069632;4;24/05/2014 03:40;Strada Urbana;VIADOTTO GIUSEPPE SARAGAT;da specificare;;;;RAMPA USCITA VIALE LINA CAVALIERI;Infortunio per sola frenata improvvisa;Curva a visuale libera;Due carreggiate;Bagnato (pioggia);Strada pavimentata dissestata;Orizzontale;Pioggia in atto;Scarso;Buona;Sufficiente;1;0;0;0;12.52033;41.97412;-1;1;Motociclo a solo;In marcia / fermata / arresto;Conducente;M;Rimandato;0;NON DECEDUTO;Non accertato;
2069645;17;24/05/2014 21:40;Strada Urbana;VIA MONTE SANTO;all'intersezione con;VIA SABOTINO;VIA SABOTINO;;;Scontro frontale/laterale DX fra veicoli in marcia;Incrocio;Una carreggiata a senso unico di marcia;Asciutto;Asfaltata;Verticale ed orizzontale;Sereno;Scarso;Sufficiente;Insufficiente;1;0;0;1;12.46004;41.91683;-1;1;Motociclo a solo;In marcia / fermata / arresto;Conducente;M;Rimandato;0;NON DECEDUTO;Non accertato;
2069645;17;24/05/2014 21:40;Strada Urbana;VIA MONTE SANTO;all'intersezione con;VIA SABOTINO;VIA SABOTINO;;;Scontro frontale/laterale DX fra veicoli in marcia;Incrocio;Una carreggiata a senso unico di marcia;Asciutto;Asfaltata;Verticale ed orizzontale;Sereno;Scarso;Sufficiente;Insufficiente;1;0;0;1;12.46004;41.91683;-1;2;Autovettura privata;In marcia / fermata / arresto;Conducente;F;Illeso;0;;Non accertato;Inesploso
2069647;2;25/05/2014 12:00;Strada Urbana;VIALE DEL GALOPPATOIO;da specificare;;;;sulla strada sterrata interno Villa Borghese ;Veicolo in marcia contro ostacolo fisso;Rettilineo;Una carreggiata a doppio senso;Asciutto;Sterrata;Assente;Sereno;Scarso;Buona;Ore Diurne;0;0;0;1;12.48315;41.9114;-1;1;Autocarro inferiore 35 q.;In marcia / fermata / arresto;Conducente;M;Illeso;0;;Non accertato;Inesploso
2069654;4;24/05/2014 10:00;Strada Urbana;PIAZZA FILATTIERA;in corrispondenza;;del civico n.;39;;Investimento di pedone;Rettilineo;Due carreggiate;Asciutto;Asfaltata;Verticale ed orizzontale;Sereno;Normale;Buona;Ore Diurne;0;0;0;4;12.51758;41.95801;-1;;;;Pedone;M;Illeso;0;;;
2069654;4;24/05/2014 10:00;Strada Urbana;PIAZZA FILATTIERA;in corrispondenza;;del civico n.;39;;Investimento di pedone;Rettilineo;Due carreggiate;Asciutto;Asfaltata;Verticale ed orizzontale;Sereno;Normale;Buona;Ore Diurne;0;0;0;4;12.51758;41.95801;-1;1;Autovettura privata;In marcia / fermata / arresto;Conducente;F;Illeso;0;;Non accertato;
2069654;4;24/05/2014 10:00;Strada Urbana;PIAZZA FILATTIERA;in corrispondenza;;del civico n.;39;;Investimento di pedone;Rettilineo;Due carreggiate;Asciutto;Asfaltata;Verticale ed orizzontale;Sereno;Normale;Buona;Ore Diurne;0;0;0;4;12.51758;41.95801;-1;1;Autovettura privata;In marcia / fermata / arresto;Passeggero;F;Illeso;0;;Non accertato;
2069654;4;24/05/2014 10:00;Strada Urbana;PIAZZA FILATTIERA;in corrispondenza;;del civico n.;39;;Investimento di pedone;Rettilineo;Due carreggiate;Asciutto;Asfaltata;Verticale ed orizzontale;Sereno;Normale;Buona;Ore Diurne;0;0;0;4;12.51758;41.95801;-1;1;Autovettura privata;In marcia / fermata / arresto;Passeggero;F;Illeso;0;;Non accertato;
2069669;2;25/05/2014 13:45;Strada Urbana;VIA LUISA DI SAVOIA;all'intersezione con;LUNGOTEVERE ARNALDO DA BRESCIA;LUNGOTEVERE ARNALDO DA BRESCIA;;;Scontro laterale fra veicoli in marcia;Intersezione stradale segnalata;Una carreggiata a senso unico di marcia;Asciutto;Asfaltata;Verticale ed orizzontale;Sereno;Normale;Buona;Ore Diurne;0;0;0;5;12.47415;41.91132;-1;1;Autobus turistico;In marcia / fermata / arresto;Conducente;M;Illeso;0;;Non accertato;Inesploso
2069669;2;25/05/2014 13:45;Strada Urbana;VIA LUISA DI SAVOIA;all'intersezione con;LUNGOTEVERE ARNALDO DA BRESCIA;LUNGOTEVERE ARNALDO DA BRESCIA;;;Scontro laterale fra veicoli in marcia;Intersezione stradale segnalata;Una carreggiata a senso unico di marcia;Asciutto;Asfaltata;Verticale ed orizzontale;Sereno;Normale;Buona;Ore Diurne;0;0;0;5;12.47415;41.91132;-1;2;Autovettura privata;In marcia / fermata / arresto;Conducente;M;Illeso;0;;Non accertato;Inesploso
2069669;2;25/05/2014 13:45;Strada Urbana;VIA LUISA DI SAVOIA;all'intersezione con;LUNGOTEVERE ARNALDO DA BRESCIA;LUNGOTEVERE ARNALDO DA BRESCIA;;;Scontro laterale fra veicoli in marcia;Intersezione stradale segnalata;Una carreggiata a senso unico di marcia;Asciutto;Asfaltata;Verticale ed orizzontale;Sereno;Normale;Buona;Ore Diurne;0;0;0;5;12.47415;41.91132;-1;2;Autovettura privata;In marcia / fermata / arresto;Passeggero;M;Illeso;0;;Non accertato;
2069669;2;25/05/2014 13:45;Strada Urbana;VIA LUISA DI SAVOIA;all'intersezione con;LUNGOTEVERE ARNALDO DA BRESCIA;LUNGOTEVERE ARNALDO DA BRESCIA;;;Scontro laterale fra veicoli in marcia;Intersezione stradale segnalata;Una carreggiata a senso unico di marcia;Asciutto;Asfaltata;Verticale ed orizzontale;Sereno;Normale;Buona;Ore Diurne;0;0;0;5;12.47415;41.91132;-1;2;Autovettura privata;In marcia / fermata / arresto;Passeggero;F;Illeso;0;;Non accertato;Inesploso
2069669;2;25/05/2014 13:45;Strada Urbana;VIA LUISA DI SAVOIA;all'intersezione con;LUNGOTEVERE ARNALDO DA BRESCIA;LUNGOTEVERE ARNALDO DA BRESCIA;;;Scontro laterale fra veicoli in marcia;Intersezione stradale segnalata;Una carreggiata a senso unico di marcia;Asciutto;Asfaltata;Verticale ed orizzontale;Sereno;Normale;Buona;Ore Diurne;0;0;0;5;12.47415;41.91132;-1;2;Autovettura privata;In marcia / fermata / arresto;Passeggero;F;Illeso;0;;Non accertato;Inesploso
2069671;4;24/05/2014 14:45;Provinciale entro l'abitato;VIA NOMENTANA;in prossimità;;del civico n.;1070;;Tamponamento;Rettilineo;Una carreggiata a doppio senso;Asciutto;Asfaltata;Orizzontale;Sereno;Normale;Buona;Ore Diurne;0;0;0;3;12.57118;41.95123;-1;1;Autovettura privata;In marcia / fermata / arresto;Conducente;M;Illeso;0;;Non accertato;Inesploso
2069671;4;24/05/2014 14:45;Provinciale entro l'abitato;VIA NOMENTANA;in prossimità;;del civico n.;1070;;Tamponamento;Rettilineo;Una carreggiata a doppio senso;Asciutto;Asfaltata;Orizzontale;Sereno;Normale;Buona;Ore Diurne;0;0;0;3;12.57118;41.95123;-1;1;Autovettura privata;In marcia / fermata / arresto;Passeggero;F;Illeso;0;;;
2069671;4;24/05/2014 14:45;Provinciale entro l'abitato;VIA NOMENTANA;in prossimità;;del civico n.;1070;;Tamponamento;Rettilineo;Una carreggiata a doppio senso;Asciutto;Asfaltata;Orizzontale;Sereno;Normale;Buona;Ore Diurne;0;0;0;3;12.57118;41.95123;-1;2;Autovettura privata;In marcia / fermata / arresto;Conducente;M;Illeso;0;;;
2069680;1;25/05/2014 16:00;Strada Urbana;VIA VENTIQUATTRO MAGGIO;in prossimità;;del civico n.;43;;Veicolo in marcia contro veicolo fermo;Rettilineo;Una carreggiata a doppio senso;Asciutto;Asfaltata;Verticale ed orizzontale;Sereno;Scarso;Buona;Ore Diurne;0;0;0;2;12.4867719;41.8987437;-1;1;Autovettura privata;In marcia / fermata / arresto;Conducente;F;Illeso;0;;Non accertato;
2069680;1;25/05/2014 16:00;Strada Urbana;VIA VENTIQUATTRO MAGGIO;in prossimità;;del civico n.;43;;Veicolo in marcia contro veicolo fermo;Rettilineo;Una carreggiata a doppio senso;Asciutto;Asfaltata;Verticale ed orizzontale;Sereno;Scarso;Buona;Ore Diurne;0;0;0;2;12.4867719;41.8987437;-1;2;Motociclo a solo;In marcia / fermata / arresto;Conducente;M;Illeso;0;;Non accertato;
2069687;2;26/05/2014 06:40;Strada Urbana;VIA NOMENTANA;in corrispondenza;;del civico n.;457;;Veicolo in marcia contro veicoli in sosta;Rettilineo;Una carreggiata a senso unico di marcia;Asciutto;Asfaltata;Verticale ed orizzontale;Sereno;Scarso;Buona;Ore Diurne;0;1;0;0;12.5246842;41.9282228;-1;1;Autovettura privata;In marcia / fermata / arresto;Conducente;M;Prognosi riservata;0;NON DECEDUTO;Non accertato;Inesploso
2069694;15;23/05/2014 18:50;Strada Urbana;VIA DI MALAGROTTA;all'intersezione con;VIA DELLA PISANA;VIA DELLA PISANA;;;Scontro laterale fra veicoli in marcia;Incrocio;Una carreggiata a doppio senso;Asciutto;Asfaltata;Verticale ed orizzontale;Nuvoloso;Scarso;Buona;Ore Diurne;0;0;0;3;12.33554;41.84269;-1;1;Autovettura privata;In marcia / fermata / arresto;Conducente;F;Illeso;0;;Utilizzato;
2069694;15;23/05/2014 18:50;Strada Urbana;VIA DI MALAGROTTA;all'intersezione con;VIA DELLA PISANA;VIA DELLA PISANA;;;Scontro laterale fra veicoli in marcia;Incrocio;Una carreggiata a doppio senso;Asciutto;Asfaltata;Verticale ed orizzontale;Nuvoloso;Scarso;Buona;Ore Diurne;0;0;0;3;12.33554;41.84269;-1;2;Autovettura privata;In marcia / fermata / arresto;Conducente;F;Illeso;0;;Utilizzato;
2069694;15;23/05/2014 18:50;Strada Urbana;VIA DI MALAGROTTA;all'intersezione con;VIA DELLA PISANA;VIA DELLA PISANA;;;Scontro laterale fra veicoli in marcia;Incrocio;Una carreggiata a doppio senso;Asciutto;Asfaltata;Verticale ed orizzontale;Nuvoloso;Scarso;Buona;Ore Diurne;0;0;0;3;12.33554;41.84269;-1;2;Autovettura privata;In marcia / fermata / arresto;Passeggero;M;Illeso;0;;Utilizzato;
2069697;1;22/05/2014 16:20;Strada Urbana;VIALE DELLE TERME DI CARACALLA;da specificare;;;;.;Veicolo in marcia contro ostacolo fisso;Rettilineo;Più di due carreggiate;Asciutto;Asfaltata;Verticale ed orizzontale;Sereno;Normale;Buona;Ore Diurne;0;0;0;2;12.49516;41.87849;-1;1;Autovettura privata;In marcia / fermata / arresto;Conducente;M;Illeso;0;;Non accertato;
2069697;1;22/05/2014 16:20;Strada Urbana;VIALE DELLE TERME DI CARACALLA;da specificare;;;;.;Veicolo in marcia contro ostacolo fisso;Rettilineo;Più di due carreggiate;Asciutto;Asfaltata;Verticale ed orizzontale;Sereno;Normale;Buona;Ore Diurne;0;0;0;2;12.49516;41.87849;-1;2;Autovettura privata;In marcia / fermata / arresto;Conducente;M;Illeso;0;;Non accertato;
2069704;2;26/05/2014 04:35;Strada Urbana;VIA DELLE VALLI;da specificare;;;;dir Conca D'Oro alt. rampa immissione C.ne Salaria;Veicolo in marcia contro ostacolo fisso;Rettilineo;Due carreggiate;Bagnato (pioggia);Asfaltata;Verticale ed orizzontale;Nuvoloso;Normale;Buona;Sufficiente;0;0;0;2;12.52393;41.93592;-1;1;Autovettura privata;In marcia / fermata / arresto;Conducente;M;Illeso;0;;Non accertato;Inesploso
2069704;2;26/05/2014 04:35;Strada Urbana;VIA DELLE VALLI;da specificare;;;;dir Conca D'Oro alt. rampa immissione C.ne Salaria;Veicolo in marcia contro ostacolo fisso;Rettilineo;Due carreggiate;Bagnato (pioggia);Asfaltata;Verticale ed orizzontale;Nuvoloso;Normale;Buona;Sufficiente;0;0;0;2;12.52393;41.93592;-1;1;Autovettura privata;In marcia / fermata / arresto;Passeggero;F;Illeso;0;;Non accertato;Inesploso
2069717;1;25/05/2014 19:40;Strada Urbana;VIA DEL CIRCO MASSIMO;all'intersezione semaforizzata con;VIA DELL'ARA MASSIMA DI ERCOLE;VIA DELL'ARA MASSIMA DI ERCOLE;;;Veicolo in marcia contro ostacolo accidentale;Intersezione semaforizzata;Una carreggiata a doppio senso;Viscido da liquidi oleosi;Asfaltata;Verticale ed orizzontale;Sereno;Scarso;Buona;Ore Diurne;0;0;0;2;12.48237;41.88706;-1;1;Motociclo con passeggero;In marcia / fermata / arresto;Conducente;F;Illeso;0;;Non accertato;
2069717;1;25/05/2014 19:40;Strada Urbana;VIA DEL CIRCO MASSIMO;all'intersezione semaforizzata con;VIA DELL'ARA MASSIMA DI ERCOLE;VIA DELL'ARA MASSIMA DI ERCOLE;;;Veicolo in marcia contro ostacolo accidentale;Intersezione semaforizzata;Una carreggiata a doppio senso;Viscido da liquidi oleosi;Asfaltata;Verticale ed orizzontale;Sereno;Scarso;Buona;Ore Diurne;0;0;0;2;12.48237;41.88706;-1;1;Motociclo con passeggero;In marcia / fermata / arresto;Passeggero;M;Illeso;0;;Non accertato;
2069718;17;24/05/2014 09:00;Strada Urbana;CIRCONVALLAZIONE CLODIA;all'intersezione con;VIA MUGGIA;VIA MUGGIA;;;Investimento di pedone;Incrocio;Due carreggiate;Asciutto;Asfaltata;Verticale ed orizzontale;Sereno;Normale;Buona;Ore Diurne;1;0;0;1;12.45655;41.91828;-1;;;;Pedone;M;Ricoverato;0;NON DECEDUTO;;
2069718;17;24/05/2014 09:00;Strada Urbana;CIRCONVALLAZIONE CLODIA;all'intersezione con;VIA MUGGIA;VIA MUGGIA;;;Investimento di pedone;Incrocio;Due carreggiate;Asciutto;Asfaltata;Verticale ed orizzontale;Sereno;Normale;Buona;Ore Diurne;1;0;0;1;12.45655;41.91828;-1;1;Motociclo a solo;In marcia / fermata / arresto;Conducente;M;Illeso;0;;Non accertato;
2069731;13;24/05/2014 23:55;Strada Urbana;VIA MASSIMO TROISI;in corrispondenza;;del civico n.;12;;Veicolo in marcia contro veicolo in sosta;Rettilineo;Una carreggiata a doppio senso;Asciutto;Asfaltata;Verticale ed orizzontale;Sereno;Normale;Buona;Sufficiente;1;0;0;0;12.39081;41.78563;-1;1;Autovettura privata;In marcia / fermata / arresto;Conducente;M;Rimandato;0;NON DECEDUTO;Non accertato;Inesploso
2069733;17;24/05/2014 09:30;Strada Urbana;VIA ANGELO EMO;in prossimità;;del civico n.;13;;Tamponamento;Rettilineo;Due carreggiate;Asciutto;Asfaltata;Verticale ed orizzontale;Sereno;Scarso;Buona;Ore Diurne;0;0;0;5;12.4488304;41.9060458;-1;1;Veicolo speciale;In marcia / fermata / arresto;Conducente;F;Illeso;0;;Non accertato;Inesploso
2069733;17;24/05/2014 09:30;Strada Urbana;VIA ANGELO EMO;in prossimità;;del civico n.;13;;Tamponamento;Rettilineo;Due carreggiate;Asciutto;Asfaltata;Verticale ed orizzontale;Sereno;Scarso;Buona;Ore Diurne;0;0;0;5;12.4488304;41.9060458;-1;1;Veicolo speciale;In marcia / fermata / arresto;Passeggero;M;Illeso;0;;Non accertato;Inesploso
2069733;17;24/05/2014 09:30;Strada Urbana;VIA ANGELO EMO;in prossimità;;del civico n.;13;;Tamponamento;Rettilineo;Due carreggiate;Asciutto;Asfaltata;Verticale ed orizzontale;Sereno;Scarso;Buona;Ore Diurne;0;0;0;5;12.4488304;41.9060458;-1;2;Autovettura privata;In marcia / fermata / arresto;Conducente;M;Illeso;0;;Non accertato;Inesploso
2069733;17;24/05/2014 09:30;Strada Urbana;VIA ANGELO EMO;in prossimità;;del civico n.;13;;Tamponamento;Rettilineo;Due carreggiate;Asciutto;Asfaltata;Verticale ed orizzontale;Sereno;Scarso;Buona;Ore Diurne;0;0;0;5;12.4488304;41.9060458;-1;2;Autovettura privata;In marcia / fermata / arresto;Passeggero;F;Illeso;0;;Non accertato;Inesploso
2069733;17;24/05/2014 09:30;Strada Urbana;VIA ANGELO EMO;in prossimità;;del civico n.;13;;Tamponamento;Rettilineo;Due carreggiate;Asciutto;Asfaltata;Verticale ed orizzontale;Sereno;Scarso;Buona;Ore Diurne;0;0;0;5;12.4488304;41.9060458;-1;2;Autovettura privata;In marcia / fermata / arresto;Passeggero;M;Illeso;0;;Non accertato;Inesploso
2069750;17;24/05/2014 11:30;Strada Urbana;VIALE VATICANO;all'intersezione con;VIA SANTAMAURA;VIA SANTAMAURA;;;Scontro laterale fra veicoli in marcia;Incrocio;Una carreggiata a doppio senso;Asciutto;Asfaltata;Verticale ed orizzontale;Sereno;Normale;Buona;Ore Diurne;1;0;0;1;12.45404;41.9072;-1;1;Motociclo a solo;In marcia / fermata / arresto;Conducente;M;Illeso;0;;Non accertato;
2069750;17;24/05/2014 11:30;Strada Urbana;VIALE VATICANO;all'intersezione con;VIA SANTAMAURA;VIA SANTAMAURA;;;Scontro laterale fra veicoli in marcia;Incrocio;Una carreggiata a doppio senso;Asciutto;Asfaltata;Verticale ed orizzontale;Sereno;Normale;Buona;Ore Diurne;1;0;0;1;12.45404;41.9072;-1;2;Motociclo a solo;In marcia / fermata / arresto;Conducente;M;Rimandato;0;NON DECEDUTO;Non accertato;
2069758;1;25/05/2014 21:50;Strada Urbana;PIAZZA DI PORTA S. GIOVANNI;all'intersezione semaforizzata con;VIA EMANUELE FILIBERTO;VIA EMANUELE FILIBERTO;;;Scontro laterale fra veicoli in marcia;Intersezione semaforizzata;Due carreggiate;Asciutto;Asfaltata;Verticale ed orizzontale;Sereno;Normale;Buona;Sufficiente;2;0;0;1;12.50796;41.8865;-1;1;Autovettura privata;In marcia / fermata / arresto;Conducente;M;Rifiuta cure immediate;0;NON DECEDUTO;Non accertato;
2069758;1;25/05/2014 21:50;Strada Urbana;PIAZZA DI PORTA S. GIOVANNI;all'intersezione semaforizzata con;VIA EMANUELE FILIBERTO;VIA EMANUELE FILIBERTO;;;Scontro laterale fra veicoli in marcia;Intersezione semaforizzata;Due carreggiate;Asciutto;Asfaltata;Verticale ed orizzontale;Sereno;Normale;Buona;Sufficiente;2;0;0;1;12.50796;41.8865;-1;2;Motociclo con passeggero;In marcia / fermata / arresto;Conducente;M;Rimandato;0;NON DECEDUTO;Non accertato;
2069758;1;25/05/2014 21:50;Strada Urbana;PIAZZA DI PORTA S. GIOVANNI;all'intersezione semaforizzata con;VIA EMANUELE FILIBERTO;VIA EMANUELE FILIBERTO;;;Scontro laterale fra veicoli in marcia;Intersezione semaforizzata;Due carreggiate;Asciutto;Asfaltata;Verticale ed orizzontale;Sereno;Normale;Buona;Sufficiente;2;0;0;1;12.50796;41.8865;-1;2;Motociclo con passeggero;In marcia / fermata / arresto;Passeggero;F;Illeso;0;;Non accertato;
2069759;17;25/05/2014 19:00;Strada Urbana;VIA LEONE IV;in prossimità;;del civico n.;135;;Tamponamento Multiplo;Rettilineo;Una carreggiata a doppio senso;Asciutto;Asfaltata;Verticale ed orizzontale;Nuvoloso;Normale;Buona;Ore Diurne;7;0;0;3;12.4550679;41.9101551;-1;1;Autovettura privata;In marcia / fermata / arresto;Conducente;M;Illeso;0;;Non accertato;Inesploso