Protocollo;Gruppo;DataOraIncidente;Localizzazione1;STRADA1;Localizzazione2;STRADA2;Strada02;Chilometrica;DaSpecificare;NaturaIncidente;particolaritastrade;TipoStrada;FondoStradale;Pavimentazione;Segnaletica;CondizioneAtmosferica;Traffico;Visibilita;Illuminazione;NUM_FERITI;NUM_RISERVATA;NUM_MORTI;NUM_ILLESI;Longitudine;Latitudine;Confermato;Progressivo;TipoVeicolo;StatoVeicolo;TipoPersona;Sesso;Tipolesione;Deceduto;DecedutoDopo;CinturaCascoUtilizzato;Airbag
2071180;5;27/05/2014 23:35;Strada Urbana;VIA DEI DURANTINI;all'intersezione con;VIA GIUSEPPE SCARABELLI;VIA GIUSEPPE SCARABELLI;;;Scontro frontale/laterale SX fra veicoli in marcia;Incrocio;Una carreggiata a doppio senso;Asciutto;Asfaltata;Verticale ed orizzontale;Sereno;Scarso;Sufficiente;Sufficiente;3;0;0;3;12.54523;41.91906;-1;2;Autovettura privata;In marcia / fermata / arresto;Passeggero;M;Illeso;0;;Non accertato;
2071186;10;27/05/2014 17:30;Strada Urbana;VIA MARCO VALERIO CORVO;all'intersezione con;VIA VALERIO PUBLICOLA;VIA VALERIO PUBLICOLA;;;Scontro laterale fra veicoli in marcia;Incrocio;Più di due carreggiate;Asciutto;Asfaltata;Verticale ed orizzontale;Nuvoloso;Normale;Sufficiente;Ore Diurne;0;0;0;3;12.55795;41.85777;-1;1;Autovettura privata;In marcia / fermata / arresto;Conducente;M;Illeso;0;;Non accertato;
2071186;10;27/05/2014 17:30;Strada Urbana;VIA MARCO VALERIO CORVO;all'intersezione con;VIA VALERIO PUBLICOLA;VIA VALERIO PUBLICOLA;;;Scontro laterale fra veicoli in marcia;Incrocio;Più di due carreggiate;Asciutto;Asfaltata;Verticale ed orizzontale;Nuvoloso;Normale;Sufficiente;Ore Diurne;0;0;0;3;12.55795;41.85777;-1;1;Autovettura privata;In marcia / fermata / arresto;Passeggero;M;Illeso;0;;Non accertato;Inesploso
2071186;10;27/05/2014 17:30;Strada Urbana;VIA MARCO VALERIO CORVO;all'intersezione con;VIA VALERIO PUBLICOLA;VIA VALERIO PUBLICOLA;;;Scontro laterale fra veicoli in marcia;Incrocio;Più di due carreggiate;Asciutto;Asfaltata;Verticale ed orizzontale;Nuvoloso;Normale;Sufficiente;Ore Diurne;0;0;0;3;12.55795;41.85777;-1;2;Motociclo a solo;In marcia / fermata / arresto;Conducente;M;Illeso;0;;Non accertato;
2071198;4;27/05/2014 09:45;Strada Urbana;VIA PIAN DI SCO;all'intersezione con;VIA DI S. MARIA DELLA SPERANZA;VIA DI S. MARIA DELLA SPERANZA;;;Scontro frontale/laterale DX fra veicoli in marcia;Incrocio;Una carreggiata a doppio senso;Asciutto;Asfaltata;Orizzontale;Sereno;Normale;Buona;Ore Diurne;1;0;0;2;12.51844;41.96171;-1;1;Motociclo a solo;In marcia / fermata / arresto;Conducente;M;Rimandato;0;NON DECEDUTO;Non accertato;
2071198;4;27/05/2014 09:45;Strada Urbana;VIA PIAN DI SCO;all'intersezione con;VIA DI S. MARIA DELLA SPERANZA;VIA DI S. MARIA DELLA SPERANZA;;;Scontro frontale/laterale DX fra veicoli in marcia;Incrocio;Una carreggiata a doppio senso;Asciutto;Asfaltata;Orizzontale;Sereno;Normale;Buona;Ore Diurne;1;0;0;2;12.51844;41.96171;-1;2;Autovettura privata;In marcia / fermata / arresto;Conducente;M;Illeso;0;;Non accertato;Inesploso
2071198;4;27/05/2014 09:45;Strada Urbana;VIA PIAN DI SCO;all'intersezione con;VIA DI S. MARIA DELLA SPERANZA;VIA DI S. MARIA DELLA SPERANZA;;;Scontro frontale/laterale DX fra veicoli in marcia;Incrocio;Una carreggiata a doppio senso;Asciutto;Asfaltata;Orizzontale;Sereno;Normale;Buona;Ore Diurne;1;0;0;2;12.51844;41.96171;-1;2;Autovettura privata;In marcia / fermata / arresto;Passeggero;F;Illeso;0;;Non accertato;Inesploso
2071206;4;27/05/2014 10:00;Strada Urbana;VIA UGO OJETTI;in prossimità;;del civico n.;143;;Tamponamento;Rettilineo;Due carreggiate;Asciutto;Asfaltata;Verticale ed orizzontale;Sereno;Normale;Buona;Ore Diurne;0;0;0;3;12.5511;41.94451;-1;1;Autovettura privata;In marcia / fermata / arresto;Conducente;M;Illeso;0;;Non accertato;Inesploso
2071206;4;27/05/2014 10:00;Strada Urbana;VIA UGO OJETTI;in prossimità;;del civico n.;143;;Tamponamento;Rettilineo;Due carreggiate;Asciutto;Asfaltata;Verticale ed orizzontale;Sereno;Normale;Buona;Ore Diurne;0;0;0;3;12.5511;41.94451;-1;1;Autovettura privata;In marcia / fermata / arresto;Passeggero;M;Illeso;0;;Non accertato;Inesploso
2071206;4;27/05/2014 10:00;Strada Urbana;VIA UGO OJETTI;in prossimità;;del civico n.;143;;Tamponamento;Rettilineo;Due carreggiate;Asciutto;Asfaltata;Verticale ed orizzontale;Sereno;Normale;Buona;Ore Diurne;0;0;0;3;12.5511;41.94451;-1;2;Motociclo a solo;In marcia / fermata / arresto;Conducente;M;Illeso;0;;Non accertato;
2071208;4;27/05/2014 11:00;Strada Urbana;VIA OLINDO GUERRINI;all'intersezione con;VIA DELLA BUFALOTTA;VIA DELLA BUFALOTTA;;;Scontro frontale/laterale SX fra veicoli in marcia;Incrocio;Una carreggiata a senso unico di marcia;Asciutto;Asfaltata;Verticale ed orizzontale;Sereno;Normale;Buona;Ore Diurne;0;0;0;2;12.54717;41.95547;-1;1;Autovettura privata;In marcia / fermata / arresto;Conducente;M;Illeso;0;;Non accertato;Inesistente
2071208;4;27/05/2014 11:00;Strada Urbana;VIA OLINDO GUERRINI;all'intersezione con;VIA DELLA BUFALOTTA;VIA DELLA BUFALOTTA;;;Scontro frontale/laterale SX fra veicoli in marcia;Incrocio;Una carreggiata a senso unico di marcia;Asciutto;Asfaltata;Verticale ed orizzontale;Sereno;Normale;Buona;Ore Diurne;0;0;0;2;12.54717;41.95547;-1;2;Autovettura privata;In marcia / fermata / arresto;Conducente;M;Illeso;0;;Non accertato;Inesistente
2071213;4;27/05/2014 11:05;Strada Urbana;VIA ADOLFO ALBERTAZZI;in corrispondenza;;del civico n.;33;;Veicolo in marcia contro veicolo in sosta;Rettilineo;Una carreggiata a senso unico di marcia;Asciutto;Asfaltata;Assente;Sereno;Scarso;Buona;Ore Diurne;0;0;0;1;12.5435;41.94959;-1;2;Autovettura privata;In marcia / fermata / arresto;Conducente;F;Illeso;0;;Non accertato;
2071217;4;27/05/2014 18:10;Strada Urbana;VIA VAL D'OSSOLA;all'intersezione con;LARGO VALSOLDA;LARGO VALSOLDA;;;Investimento di pedone;Intersezione non regolata/non segnalata;Due carreggiate;Asciutto;Asfaltata;Orizzontale;Sereno;Normale;Sufficiente;Ore Diurne;0;0;0;3;12.52908;41.935;-1;;;;Pedone;M;Illeso;0;;;
2071217;4;27/05/2014 18:10;Strada Urbana;VIA VAL D'OSSOLA;all'intersezione con;LARGO VALSOLDA;LARGO VALSOLDA;;;Investimento di pedone;Intersezione non regolata/non segnalata;Due carreggiate;Asciutto;Asfaltata;Orizzontale;Sereno;Normale;Sufficiente;Ore Diurne;0;0;0;3;12.52908;41.935;-1;;;;Pedone;F;Illeso;0;;;
2071217;4;27/05/2014 18:10;Strada Urbana;VIA VAL D'OSSOLA;all'intersezione con;LARGO VALSOLDA;LARGO VALSOLDA;;;Investimento di pedone;Intersezione non regolata/non segnalata;Due carreggiate;Asciutto;Asfaltata;Orizzontale;Sereno;Normale;Sufficiente;Ore Diurne;0;0;0;3;12.52908;41.935;-1;1;Autovettura privata;In marcia / fermata / arresto;Conducente;F;Illeso;0;;Non accertato;Inesploso
2071218;4;27/05/2014 18:30;Strada Urbana;VIA DARIO NICCODEMI;all'intersezione con;VIA MARIO BACCHELLI;VIA MARIO BACCHELLI;;;Scontro frontale/laterale SX fra veicoli in marcia;Intersezione stradale segnalata;Una carreggiata a doppio senso;Asciutto;Asfaltata;Verticale ed orizzontale;Sereno;Normale;Sufficiente;Ore Diurne;0;0;0;2;12.54856;41.95444;-1;1;Autovettura privata;In marcia / fermata / arresto;Conducente;F;Illeso;0;;Non accertato;
2071218;4;27/05/2014 18:30;Strada Urbana;VIA DARIO NICCODEMI;all'intersezione con;VIA MARIO BACCHELLI;VIA MARIO BACCHELLI;;;Scontro frontale/laterale SX fra veicoli in marcia;Intersezione stradale segnalata;Una carreggiata a doppio senso;Asciutto;Asfaltata;Verticale ed orizzontale;Sereno;Normale;Sufficiente;Ore Diurne;0;0;0;2;12.54856;41.95444;-1;2;Autovettura privata;In marcia / fermata / arresto;Conducente;F;Illeso;0;;Non accertato;
2071223;4;27/05/2014 10:00;Strada Urbana;VIA SUVERETO;all'intersezione semaforizzata con;PIAZZA ANTONIO FRADELETTO;PIAZZA ANTONIO FRADELETTO;;;Scontro frontale/laterale DX fra veicoli in marcia;Intersezione semaforizzata;Una carreggiata a doppio senso;Asciutto;Asfaltata;Verticale ed orizzontale;Sereno;Normale;Buona;Ore Diurne;1;0;0;2;12.52191;41.95778;-1;1;Autovettura privata;In marcia / fermata / arresto;Conducente;F;Illeso;0;;Non accertato;Inesploso
2071223;4;27/05/2014 10:00;Strada Urbana;VIA SUVERETO;all'intersezione semaforizzata con;PIAZZA ANTONIO FRADELETTO;PIAZZA ANTONIO FRADELETTO;;;Scontro frontale/laterale DX fra veicoli in marcia;Intersezione semaforizzata;Una carreggiata a doppio senso;Asciutto;Asfaltata;Verticale ed orizzontale;Sereno;Normale;Buona;Ore Diurne;1;0;0;2;12.52191;41.95778;-1;1;Autovettura privata;In marcia / fermata / arresto;Passeggero;F;Illeso;0;;Non accertato;Inesploso
2071223;4;27/05/2014 10:00;Strada Urbana;VIA SUVERETO;all'intersezione semaforizzata con;PIAZZA ANTONIO FRADELETTO;PIAZZA ANTONIO FRADELETTO;;;Scontro frontale/laterale DX fra veicoli in marcia;Intersezione semaforizzata;Una carreggiata a doppio senso;Asciutto;Asfaltata;Verticale ed orizzontale;Sereno;Normale;Buona;Ore Diurne;1;0;0;2;12.52191;41.95778;-1;2;Motociclo a solo;In marcia / fermata / arresto;Conducente;M;Rifiuta cure immediate;0;NON DECEDUTO;Non accertato;
2071240;7;27/05/2014 14:30;Strada Urbana;LARGO DELLA PRIMAVERA;in corrispondenza;;del civico n.;16;;Veicolo in marcia contro ostacolo fisso;Rettilineo;Una carreggiata a doppio senso;Asciutto;Asfaltata;Verticale ed orizzontale;Sereno;Normale;Buona;Ore Diurne;0;0;0;1;12.56117;41.88779;-1;1;Macchina operatrice;In marcia / fermata / arresto;Conducente;M;Illeso;0;;Esente;Inesistente
2071254;20;27/05/2014 19:55;Regionale;VIA FLAMINIA;in prossimità;;della chilometrica;19.35;;Ribaltamento senza urto contro ostacolo fisso;Rettilineo;Una carreggiata a doppio senso;Asciutto;Asfaltata;Orizzontale;Sereno;Normale;Buona;Ore Diurne;1;0;0;0;12.47185;41.94192;-1;1;Motociclo a solo;In marcia / fermata / arresto;Conducente;F;Rimandato;0;NON DECEDUTO;;
2071258;18;27/05/2014 07:40;Strada Urbana;VIA ENNIO BONIFAZI;in prossimità;;del civico n.;78;;Tamponamento;Pendenza;Una carreggiata a doppio senso;Asciutto;Asfaltata;Verticale ed orizzontale;Sereno;Normale;Buona;Ore Diurne;1;0;0;2;12.41526;41.90612;-1;1;Autovettura privata;In marcia / fermata / arresto;Conducente;F;Illeso;0;;Utilizzato;Inesploso
2071258;18;27/05/2014 07:40;Strada Urbana;VIA ENNIO BONIFAZI;in prossimità;;del civico n.;78;;Tamponamento;Pendenza;Una carreggiata a doppio senso;Asciutto;Asfaltata;Verticale ed orizzontale;Sereno;Normale;Buona;Ore Diurne;1;0;0;2;12.41526;41.90612;-1;1;Autovettura privata;In marcia / fermata / arresto;Passeggero;F;Illeso;0;;Utilizzato;Inesploso
2071258;18;27/05/2014 07:40;Strada Urbana;VIA ENNIO BONIFAZI;in prossimità;;del civico n.;78;;Tamponamento;Pendenza;Una carreggiata a doppio senso;Asciutto;Asfaltata;Verticale ed orizzontale;Sereno;Normale;Buona;Ore Diurne;1;0;0;2;12.41526;41.90612;-1;2;Motociclo a solo;In marcia / fermata / arresto;Conducente;M;Rimandato;0;NON DECEDUTO;Utilizzato;
2071269;20;27/05/2014 11:40;Strada Urbana;LUNGOTEVERE MARESCIALLO DIAZ;da specificare;;;;corrispondenza palazzina H CONI;Infortunio per sola frenata improvvisa;Rettilineo;Una carreggiata a senso unico di marcia;Asciutto;Asfaltata;Verticale ed orizzontale;Sereno;Normale;Buona;Ore Diurne;0;0;0;1;12.45931;41.93177;-1;1;Motociclo a solo;In marcia / fermata / arresto;Conducente;M;Illeso;0;;Non accertato;
2071302;13;27/05/2014 13:50;Strada Urbana;PIAZZALE DELLA VILLA DI PLINIO;all'intersezione con;VIALE DELLA VILLA DI PLINIO;VIALE DELLA VILLA DI PLINIO;;;Scontro laterale fra veicoli in marcia;Incrocio;Una carreggiata a doppio senso;Asciutto;Asfaltata;Verticale ed orizzontale;Sereno;Normale;Buona;Ore Diurne;1;0;0;1;12.31602;41.73137;-1;1;Autovettura privata;In marcia / fermata / arresto;Conducente;F;Illeso;0;;Non accertato;Inesploso
2071302;13;27/05/2014 13:50;Strada Urbana;PIAZZALE DELLA VILLA DI PLINIO;all'intersezione con;VIALE DELLA VILLA DI PLINIO;VIALE DELLA VILLA DI PLINIO;;;Scontro laterale fra veicoli in marcia;Incrocio;Una carreggiata a doppio senso;Asciutto;Asfaltata;Verticale ed orizzontale;Sereno;Normale;Buona;Ore Diurne;1;0;0;1;12.31602;41.73137;-1;2;Autovettura privata;In marcia / fermata / arresto;Conducente;F;Rimandato;0;NON DECEDUTO;Non accertato;Inesploso
2071304;3;27/05/2014 10:15;Strada Urbana;VIA NOMENTANA;in corrispondenza;;del civico n.;54;;Scontro laterale fra veicoli in marcia;Rettilineo;Più di due carreggiate;Asciutto;Asfaltata;Verticale ed orizzontale;Sereno;Normale;Buona;Ore Diurne;0;0;0;2;12.50377;41.91103;-1;1;Autovettura privata;In marcia / fermata / arresto;Conducente;F;Illeso;0;;;
2071304;3;27/05/2014 10:15;Strada Urbana;VIA NOMENTANA;in corrispondenza;;del civico n.;54;;Scontro laterale fra veicoli in marcia;Rettilineo;Più di due carreggiate;Asciutto;Asfaltata;Verticale ed orizzontale;Sereno;Normale;Buona;Ore Diurne;0;0;0;2;12.50377;41.91103;-1;2;Autovettura pubblica;In marcia / fermata / arresto;Conducente;M;Illeso;0;;;
2071313;12;27/05/2014 15:30;Strada Urbana;VIALE STEFANO GRADI;da specificare;;;;Alt. Via Meldola;Investimento di pedone;Rettilineo;Due carreggiate;Asciutto;Asfaltata;Verticale ed orizzontale;Sereno;Scarso;Buona;Ore Diurne;1;0;0;1;12.50401;41.82359;-1;;;;Pedone;M;Ricoverato;0;NON DECEDUTO;;
2071313;12;27/05/2014 15:30;Strada Urbana;VIALE STEFANO GRADI;da specificare;;;;Alt. Via Meldola;Investimento di pedone;Rettilineo;Due carreggiate;Asciutto;Asfaltata;Verticale ed orizzontale;Sereno;Scarso;Buona;Ore Diurne;1;0;0;1;12.50401;41.82359;-1;1;Autovettura privata;In marcia / fermata / arresto;Conducente;F;Illeso;0;;Utilizzato;Inesploso
2071322;3;27/05/2014 10:45;Strada Urbana;VIA GIOVANNI DA PROCIDA;all'intersezione con;VIA ELEONORA D'ARBOREA;VIA ELEONORA D'ARBOREA;;;Scontro frontale/laterale SX fra veicoli in marcia;Intersezione stradale segnalata;Una carreggiata a senso unico di marcia;Asciutto;Asfaltata;Verticale;Sereno;Scarso;Buona;Ore Diurne;1;0;0;1;12.5244;41.91099;-1;1;Autovettura privata;In marcia / fermata / arresto;Conducente;F;Illeso;0;;Non accertato;Inesploso
2071322;3;27/05/2014 10:45;Strada Urbana;VIA GIOVANNI DA PROCIDA;all'intersezione con;VIA ELEONORA D'ARBOREA;VIA ELEONORA D'ARBOREA;;;Scontro frontale/laterale SX fra veicoli in marcia;Intersezione stradale segnalata;Una carreggiata a senso unico di marcia;Asciutto;Asfaltata;Verticale;Sereno;Scarso;Buona;Ore Diurne;1;0;0;1;12.5244;41.91099;-1;2;Autovettura privata;In marcia / fermata / arresto;Conducente;F;Rimandato;0;NON DECEDUTO;Non accertato;Esploso
2071334;2;28/05/2014 00:20;Strada Urbana;VIA GIAN DOMENICO ROMAGNOSI;all'intersezione con;VIA DEGLI SCIALOJA;VIA DEGLI SCIALOJA;;;Scontro frontale/laterale DX fra veicoli in marcia;Incrocio;Una carreggiata a senso unico di marcia;Asciutto;Asfaltata;Verticale ed orizzontale;Sereno;Scarso;Buona;Sufficiente;0;0;0;4;12.47337;41.91332;-1;1;Autovettura privata;In marcia / fermata / arresto;Conducente;M;Illeso;0;;Non accertato;Inesploso
2071334;2;28/05/2014 00:20;Strada Urbana;VIA GIAN DOMENICO ROMAGNOSI;all'intersezione con;VIA DEGLI SCIALOJA;VIA DEGLI SCIALOJA;;;Scontro frontale/laterale DX fra veicoli in marcia;Incrocio;Una carreggiata a senso unico di marcia;Asciutto;Asfaltata;Verticale ed orizzontale;Sereno;Scarso;Buona;Sufficiente;0;0;0;4;12.47337;41.91332;-1;1;Autovettura privata;In marcia / fermata / arresto;Passeggero;F;Illeso;0;;Non accertato;Inesploso
2071334;2;28/05/2014 00:20;Strada Urbana;VIA GIAN DOMENICO ROMAGNOSI;all'intersezione con;VIA DEGLI SCIALOJA;VIA DEGLI SCIALOJA;;;Scontro frontale/laterale DX fra veicoli in marcia;Incrocio;Una carreggiata a senso unico di marcia;Asciutto;Asfaltata;Verticale ed orizzontale;Sereno;Scarso;Buona;Sufficiente;0;0;0;4;12.47337;41.91332;-1;2;Autovettura privata;In marcia / fermata / arresto;Conducente;F;Illeso;0;;Non accertato;Inesploso
2071334;2;28/05/2014 00:20;Strada Urbana;VIA GIAN DOMENICO ROMAGNOSI;all'intersezione con;VIA DEGLI SCIALOJA;VIA DEGLI SCIALOJA;;;Scontro frontale/laterale DX fra veicoli in marcia;Incrocio;Una carreggiata a senso unico di marcia;Asciutto;Asfaltata;Verticale ed orizzontale;Sereno;Scarso;Buona;Sufficiente;0;0;0;4;12.47337;41.91332;-1;2;Autovettura privata;In marcia / fermata / arresto;Passeggero;F;Illeso;0;;Non accertato;Inesploso
2071342;7;27/05/2014 15:30;Statale entro l'abitato;VIA CASILINA;all'intersezione con;VIA GIOVANNI CAMILLO PERESIO;VIA GIOVANNI CAMILLO PERESIO;;;Scontro laterale fra veicoli in marcia;Incrocio;Una carreggiata a doppio senso;Asciutto;Asfaltata;Verticale ed orizzontale;Sereno;Intenso;Buona;Ore Diurne;1;0;0;2;12.5853;41.86909;-1;1;Autocarro inferiore 35 q.;In marcia / fermata / arresto;Conducente;M;Illeso;0;;Non accertato;Inesistente
2071342;7;27/05/2014 15:30;Statale entro l'abitato;VIA CASILINA;all'intersezione con;VIA GIOVANNI CAMILLO PERESIO;VIA GIOVANNI CAMILLO PERESIO;;;Scontro laterale fra veicoli in marcia;Incrocio;Una carreggiata a doppio senso;Asciutto;Asfaltata;Verticale ed orizzontale;Sereno;Intenso;Buona;Ore Diurne;1;0;0;2;12.5853;41.86909;-1;1;Autocarro inferiore 35 q.;In marcia / fermata / arresto;Passeggero;M;Illeso;0;;Non accertato;Inesistente
2071342;7;27/05/2014 15:30;Statale entro l'abitato;VIA CASILINA;all'intersezione con;VIA GIOVANNI CAMILLO PERESIO;VIA GIOVANNI CAMILLO PERESIO;;;Scontro laterale fra veicoli in marcia;Incrocio;Una carreggiata a doppio senso;Asciutto;Asfaltata;Verticale ed orizzontale;Sereno;Intenso;Buona;Ore Diurne;1;0;0;2;12.5853;41.86909;-1;2;Motociclo a solo;In marcia / fermata / arresto;Conducente;M;Rimandato;0;NON DECEDUTO;Non accertato;
2071343;13;27/05/2014 18:00;Strada Urbana;VIA DELLA MARTINICA;all'intersezione con;VIA DELLE EBRIDI;VIA DELLE EBRIDI;;;Scontro laterale fra veicoli in marcia;Rotatoria;Una carreggiata a senso unico di marcia;Asciutto;Asfaltata;Verticale;Nuvoloso;Normale;Buona;Ore Diurne;0;0;0;2;12.26172;41.7391;-1;1;Autovettura privata;In marcia / fermata / arresto;Conducente;M;Illeso;0;;Non accertato;Inesploso
2071343;13;27/05/2014 18:00;Strada Urbana;VIA DELLA MARTINICA;all'intersezione con;VIA DELLE EBRIDI;VIA DELLE EBRIDI;;;Scontro laterale fra veicoli in marcia;Rotatoria;Una carreggiata a senso unico di marcia;Asciutto;Asfaltata;Verticale;Nuvoloso;Normale;Buona;Ore Diurne;0;0;0;2;12.26172;41.7391;-1;2;Autovettura privata;In marcia / fermata / arresto;Conducente;F;Illeso;0;;Non accertato;Inesploso
2071347;13;27/05/2014 14:50;Strada Urbana;VIA DEGLI ATLANTICI;in corrispondenza;;del civico n.;57;;Scontro frontale fra veicoli in marcia;Rettilineo;Una carreggiata a doppio senso;Asciutto;Asfaltata;Assente;Sereno;Scarso;Buona;Ore Diurne;0;0;0;2;12.7802026;41.6916589;-1;1;Autovettura privata;In marcia / fermata / arresto;Conducente;F;Illeso;0;;Non accertato;Inesploso
2071347;13;27/05/2014 14:50;Strada Urbana;VIA DEGLI ATLANTICI;in corrispondenza;;del civico n.;57;;Scontro frontale fra veicoli in marcia;Rettilineo;Una carreggiata a doppio senso;Asciutto;Asfaltata;Assente;Sereno;Scarso;Buona;Ore Diurne;0;0;0;2;12.7802026;41.6916589;-1;2;Autovettura privata;In marcia / fermata / arresto;Conducente;M;Illeso;0;;Non accertato;Inesploso
2071349;10;27/05/2014 23:30;Strada Urbana;VIA PIZZO DI CALABRIA;all'intersezione con;VIA APPIA NUOVA;VIA APPIA NUOVA;;;Tamponamento;Intersezione stradale segnalata;Una carreggiata a senso unico di marcia;Asciutto;Asfaltata;Verticale ed orizzontale;Sereno;Scarso;Buona;Sufficiente;1;0;0;3;12.56128;41.82515;-1;1;Autovettura privata;In marcia / fermata / arresto;Conducente;M;Illeso;0;;Non accertato;Inesploso
2071349;10;27/05/2014 23:30;Strada Urbana;VIA PIZZO DI CALABRIA;all'intersezione con;VIA APPIA NUOVA;VIA APPIA NUOVA;;;Tamponamento;Intersezione stradale segnalata;Una carreggiata a senso unico di marcia;Asciutto;Asfaltata;Verticale ed orizzontale;Sereno;Scarso;Buona;Sufficiente;1;0;0;3;12.56128;41.82515;-1;1;Autovettura privata;In marcia / fermata / arresto;Passeggero;F;Rifiuta cure immediate;0;NON DECEDUTO;Non accertato;Inesploso
2071349;10;27/05/2014 23:30;Strada Urbana;VIA PIZZO DI CALABRIA;all'intersezione con;VIA APPIA NUOVA;VIA APPIA NUOVA;;;Tamponamento;Intersezione stradale segnalata;Una carreggiata a senso unico di marcia;Asciutto;Asfaltata;Verticale ed orizzontale;Sereno;Scarso;Buona;Sufficiente;1;0;0;3;12.56128;41.82515;-1;1;Autovettura privata;In marcia / fermata / arresto;Passeggero;M;Illeso;0;;Non accertato;Inesploso
2071349;10;27/05/2014 23:30;Strada Urbana;VIA PIZZO DI CALABRIA;all'intersezione con;VIA APPIA NUOVA;VIA APPIA NUOVA;;;Tamponamento;Intersezione stradale segnalata;Una carreggiata a senso unico di marcia;Asciutto;Asfaltata;Verticale ed orizzontale;Sereno;Scarso;Buona;Sufficiente;1;0;0;3;12.56128;41.82515;-1;2;Autocarro inferiore 35 q.;In marcia / fermata / arresto;Conducente;M;Illeso;0;;Non accertato;Inesploso
2071352;13;27/05/2014 11:50;Strada Urbana;VIA ORAZIO AMATO;da specificare;;;;FRONTE MERCATO;Investimento di pedone;Rettilineo;Una carreggiata a doppio senso;Asciutto;Asfaltata;Assente;Sereno;Normale;Buona;Ore Diurne;1;0;0;1;12.36018;41.77723;-1;;;;Pedone;F;Rimandato;0;NON DECEDUTO;;
2071352;13;27/05/2014 11:50;Strada Urbana;VIA ORAZIO AMATO;da specificare;;;;FRONTE MERCATO;Investimento di pedone;Rettilineo;Una carreggiata a doppio senso;Asciutto;Asfaltata;Assente;Sereno;Normale;Buona;Ore Diurne;1;0;0;1;12.36018;41.77723;-1;1;Autovettura privata;In marcia / fermata / arresto;Conducente;M;Illeso;0;;Non accertato;Inesploso
2071358;17;27/05/2014 08:50;Strada Urbana;VIA DEGLI SCIPIONI;all'intersezione con;VIA VIRGINIO ORSINI;VIA VIRGINIO ORSINI;;;Tamponamento Multiplo;Incrocio;Una carreggiata a doppio senso;Asciutto;Asfaltata;Verticale ed orizzontale;Sereno;Normale;Buona;Ore Diurne;0;0;0;3;12.46305;41.90979;-1;1;Autovettura privata;In marcia / fermata / arresto;Conducente;F;Illeso;0;;Non accertato;Inesploso
2071358;17;27/05/2014 08:50;Strada Urbana;VIA DEGLI SCIPIONI;all'intersezione con;VIA VIRGINIO ORSINI;VIA VIRGINIO ORSINI;;;Tamponamento Multiplo;Incrocio;Una carreggiata a doppio senso;Asciutto;Asfaltata;Verticale ed orizzontale;Sereno;Normale;Buona;Ore Diurne;0;0;0;3;12.46305;41.90979;-1;2;Autovettura privata;In marcia / fermata / arresto;Conducente;M;Illeso;0;;Non accertato;Inesploso
2071358;17;27/05/2014 08:50;Strada Urbana;VIA DEGLI SCIPIONI;all'intersezione con;VIA VIRGINIO ORSINI;VIA VIRGINIO ORSINI;;;Tamponamento Multiplo;Incrocio;Una carreggiata a doppio senso;Asciutto;Asfaltata;Verticale ed orizzontale;Sereno;Normale;Buona;Ore Diurne;0;0;0;3;12.46305;41.90979;-1;3;Motociclo a solo;In marcia / fermata / arresto;Conducente;M;Illeso;0;;Non accertato;
2071361;1;27/05/2014 09:45;Strada Urbana;VIA CAIO CESTIO;in prossimità;;del civico n.;6;;Scontro frontale/laterale SX fra veicoli in marcia;Rettilineo;Una carreggiata a senso unico di marcia;Asciutto;Asfaltata;Verticale ed orizzontale;Sereno;Scarso;Sufficiente;Ore Diurne;1;0;0;2;12.4776155;41.8757811;-1;1;Autovettura privata;In marcia / fermata / arresto;Conducente;M;Illeso;0;;Non accertato;
2071361;1;27/05/2014 09:45;Strada Urbana;VIA CAIO CESTIO;in prossimità;;del civico n.;6;;Scontro frontale/laterale SX fra veicoli in marcia;Rettilineo;Una carreggiata a senso unico di marcia;Asciutto;Asfaltata;Verticale ed orizzontale;Sereno;Scarso;Sufficiente;Ore Diurne;1;0;0;2;12.4776155;41.8757811;-1;1;Autovettura privata;In marcia / fermata / arresto;Passeggero;M;Illeso;0;;Non accertato;
2071361;1;27/05/2014 09:45;Strada Urbana;VIA CAIO CESTIO;in prossimità;;del civico n.;6;;Scontro frontale/laterale SX fra veicoli in marcia;Rettilineo;Una carreggiata a senso unico di marcia;Asciutto;Asfaltata;Verticale ed orizzontale;Sereno;Scarso;Sufficiente;Ore Diurne;1;0;0;2;12.4776155;41.8757811;-1;2;Velocipede;In marcia / fermata / arresto;Conducente;M;Rimandato;0;NON DECEDUTO;Esente;
2071371;2;28/05/2014 09:35;Strada Urbana;VIA GIULIO ROMANO;da specificare;;;;altezza INPS civ. 46;Scontro frontale/laterale SX fra veicoli in marcia;Rettilineo;Una carreggiata a senso unico di marcia;Asciutto;Asfaltata;Verticale ed orizzontale;Sereno;Normale;Buona;Ore Diurne;0;0;0;1;12.46491;41.93289;-1;1;Quadriciclo leggero;In marcia / fermata / arresto;Conducente;F;Illeso;0;;Non accertato;Inesploso
2071373;2;27/05/2014 20:15;Strada Urbana;VIA SALARIA;da specificare;;;;fronte del civ. 418;Scontro frontale/laterale SX fra veicoli in marcia;Rettilineo;Una carreggiata a doppio senso;Asciutto;Asfaltata;Verticale ed orizzontale;Sereno;Normale;Buona;Ore Diurne;0;0;0;2;12.50798;41.9292;-1;1;Autovettura privata;In marcia / fermata / arresto;Conducente;M;Illeso;0;;Non accertato;Inesploso
2071373;2;27/05/2014 20:15;Strada Urbana;VIA SALARIA;da specificare;;;;fronte del civ. 418;Scontro frontale/laterale SX fra veicoli in marcia;Rettilineo;Una carreggiata a doppio senso;Asciutto;Asfaltata;Verticale ed orizzontale;Sereno;Normale;Buona;Ore Diurne;0;0;0;2;12.50798;41.9292;-1;2;Motociclo a solo;In marcia / fermata / arresto;Conducente;M;Illeso;0;;Non accertato;