Protocollo;Gruppo;DataOraIncidente;Localizzazione1;STRADA1;Localizzazione2;STRADA2;Strada02;Chilometrica;DaSpecificare;NaturaIncidente;particolaritastrade;TipoStrada;FondoStradale;Pavimentazione;Segnaletica;CondizioneAtmosferica;Traffico;Visibilita;Illuminazione;NUM_FERITI;NUM_RISERVATA;NUM_MORTI;NUM_ILLESI;Longitudine;Latitudine;Confermato;Progressivo;TipoVeicolo;StatoVeicolo;TipoPersona;Sesso;Tipolesione;Deceduto;DecedutoDopo;CinturaCascoUtilizzato;Airbag
2072944;8;29/05/2014 09:40;Provinciale entro l'abitato;VIA PRENESTINA;all'intersezione con;VIA CAIAZZO;VIA CAIAZZO;;;Scontro laterale fra veicoli in marcia;Intersezione stradale segnalata;Una carreggiata a doppio senso;Asciutto;Asfaltata;Verticale ed orizzontale;Sereno;Intenso;Buona;Ore Diurne;0;0;0;2;12.63021;41.89273;-1;1;Autovettura privata;In marcia / fermata / arresto;Conducente;M;Illeso;0;;Non accertato;Inesploso
2072944;8;29/05/2014 09:40;Provinciale entro l'abitato;VIA PRENESTINA;all'intersezione con;VIA CAIAZZO;VIA CAIAZZO;;;Scontro laterale fra veicoli in marcia;Intersezione stradale segnalata;Una carreggiata a doppio senso;Asciutto;Asfaltata;Verticale ed orizzontale;Sereno;Intenso;Buona;Ore Diurne;0;0;0;2;12.63021;41.89273;-1;2;Autotreno;In marcia / fermata / arresto;Conducente;M;Illeso;0;;Non accertato;Inesploso
2072946;15;29/05/2014 21:05;Strada Urbana;VIA GIOVANNI VOLPATO;all'intersezione con;VIA PORTUENSE;VIA PORTUENSE;;;Scontro frontale/laterale DX fra veicoli in marcia;Intersezione stradale segnalata;Una carreggiata a doppio senso;Asciutto;Asfaltata;Orizzontale;Sereno;Scarso;Buona;Sufficiente;1;0;0;1;12.46742;41.87199;-1;1;Autovettura privata;In marcia / fermata / arresto;Conducente;M;Illeso;0;;Utilizzato;
2072946;15;29/05/2014 21:05;Strada Urbana;VIA GIOVANNI VOLPATO;all'intersezione con;VIA PORTUENSE;VIA PORTUENSE;;;Scontro frontale/laterale DX fra veicoli in marcia;Intersezione stradale segnalata;Una carreggiata a doppio senso;Asciutto;Asfaltata;Orizzontale;Sereno;Scarso;Buona;Sufficiente;1;0;0;1;12.46742;41.87199;-1;2;Ciclomotore;In marcia / fermata / arresto;Conducente;F;Rimandato;0;NON DECEDUTO;Utilizzato;
2072947;8;29/05/2014 08:30;Strada Urbana;VIA BITTI;all'intersezione con;VIA MODOLO;VIA MODOLO;;;Scontro frontale/laterale SX fra veicoli in marcia;Incrocio;Una carreggiata a senso unico di marcia;Asciutto;Asfaltata;Verticale ed orizzontale;Sereno;Normale;Buona;Ore Diurne;0;0;0;2;12.68534;41.88892;-1;1;Autovettura privata;In marcia / fermata / arresto;Conducente;M;Illeso;0;;Non accertato;Inesploso
2072947;8;29/05/2014 08:30;Strada Urbana;VIA BITTI;all'intersezione con;VIA MODOLO;VIA MODOLO;;;Scontro frontale/laterale SX fra veicoli in marcia;Incrocio;Una carreggiata a senso unico di marcia;Asciutto;Asfaltata;Verticale ed orizzontale;Sereno;Normale;Buona;Ore Diurne;0;0;0;2;12.68534;41.88892;-1;2;Autovettura privata;In marcia / fermata / arresto;Conducente;M;Illeso;0;;Non accertato;Esploso
2072948;11;29/05/2014 16:15;Strada Urbana;VIA DI VIGNA MURATA;in prossimità;;del civico n.;95;;Veicolo in marcia contro ostacolo fisso;Curva a visuale libera;Una carreggiata a senso unico di marcia;Asciutto;Asfaltata;Orizzontale;Sereno;Normale;Buona;Ore Diurne;0;0;0;1;12.48394;41.8267;-1;1;Autovettura privata;In marcia / fermata / arresto;Conducente;M;Illeso;0;;Non accertato;Esploso
2072950;8;29/05/2014 07:50;Statale entro l'abitato;VIA CASILINA;da specificare;;;;altezza cavalcavia GRA dir. ROMA centro;Scontro laterale fra veicoli in marcia;Rettilineo;Una carreggiata a senso unico di marcia;Asciutto;Asfaltata;Verticale ed orizzontale;Sereno;Intenso;Buona;Ore Diurne;0;0;0;3;12.60116;41.86536;-1;1;Autovettura privata;In marcia / fermata / arresto;Conducente;M;Illeso;0;;Non accertato;Inesploso
2072950;8;29/05/2014 07:50;Statale entro l'abitato;VIA CASILINA;da specificare;;;;altezza cavalcavia GRA dir. ROMA centro;Scontro laterale fra veicoli in marcia;Rettilineo;Una carreggiata a senso unico di marcia;Asciutto;Asfaltata;Verticale ed orizzontale;Sereno;Intenso;Buona;Ore Diurne;0;0;0;3;12.60116;41.86536;-1;1;Autovettura privata;In marcia / fermata / arresto;Passeggero;F;Illeso;0;;Non accertato;Inesploso
2072950;8;29/05/2014 07:50;Statale entro l'abitato;VIA CASILINA;da specificare;;;;altezza cavalcavia GRA dir. ROMA centro;Scontro laterale fra veicoli in marcia;Rettilineo;Una carreggiata a senso unico di marcia;Asciutto;Asfaltata;Verticale ed orizzontale;Sereno;Intenso;Buona;Ore Diurne;0;0;0;3;12.60116;41.86536;-1;2;Autotreno;In marcia / fermata / arresto;Conducente;M;Illeso;0;;Non accertato;Inesploso
2072954;15;30/05/2014 00:10;Strada Urbana;VIA ALBERTO MANCINI;in corrispondenza;;del civico n.;61;;Veicolo in marcia contro ostacolo accidentale;Curva senza visuale libera;Una carreggiata a doppio senso;Viscido da liquidi oleosi;Asfaltata;Orizzontale;Nuvoloso;Scarso;Buona;Insufficiente;1;0;0;0;12.4551409;41.8560113;-1;1;Motociclo a solo;In marcia / fermata / arresto;Conducente;F;Ricoverato;0;NON DECEDUTO;Utilizzato;
2072955;5;29/05/2014 07:15;Strada Urbana;VIA TIBURTINA;all'intersezione semaforizzata con;VIA DI PORTONACCIO;VIA DI PORTONACCIO;;;Tamponamento;Intersezione semaforizzata;Due carreggiate;Asciutto;Asfaltata;Verticale ed orizzontale;Sereno;Normale;Buona;Ore Diurne;1;0;0;1;12.53436;41.90795;-1;1;Autovettura privata;In marcia / fermata / arresto;Conducente;M;Illeso;0;;Non accertato;Inesistente
2072955;5;29/05/2014 07:15;Strada Urbana;VIA TIBURTINA;all'intersezione semaforizzata con;VIA DI PORTONACCIO;VIA DI PORTONACCIO;;;Tamponamento;Intersezione semaforizzata;Due carreggiate;Asciutto;Asfaltata;Verticale ed orizzontale;Sereno;Normale;Buona;Ore Diurne;1;0;0;1;12.53436;41.90795;-1;2;Autovettura privata;In marcia / fermata / arresto;Conducente;F;Rimandato;0;NON DECEDUTO;Non accertato;Inesploso
2072959;19;29/05/2014 15:30;Strada Urbana;VIA DI BOCCEA;da specificare;;;;100 mt prima Via della Storta (dir. fuori Roma) ;Fuoriuscita dalla sede stradale;Curva senza visuale libera;Una carreggiata a doppio senso;Asciutto;Asfaltata;Orizzontale;Sereno;Normale;Buona;Ore Diurne;1;0;0;0;12.35426;41.92818;-1;1;Motociclo a solo;In marcia / fermata / arresto;Conducente;M;Rimandato;0;NON DECEDUTO;;
2072960;5;29/05/2014 13:05;Strada Urbana;VIA DELLA TENUTA DEL CAVALIERE;da specificare;;;;"altezza fermata bus n.72473 ""Casal del Cavaliere""";Veicolo in marcia contro ostacolo fisso;Rettilineo;Una carreggiata a doppio senso;Asciutto;Asfaltata;Assente;Sereno;Normale;Buona;Ore Diurne;0;0;0;1;12.65441;41.93634;-1;1;Autovettura privata;In marcia / fermata / arresto;Conducente;M;Illeso;0;;Non accertato;
2072970;5;29/05/2014 18:00;Strada Urbana;VIA TIBURTINA;all'intersezione semaforizzata con;VIA DEL CASALE DI S. BASILIO;VIA DEL CASALE DI S. BASILIO;;;Scontro frontale/laterale DX fra veicoli in marcia;Intersezione semaforizzata;Due carreggiate;Asciutto;Asfaltata;Verticale ed orizzontale;Sereno;Intenso;Buona;Ore Diurne;0;0;0;4;12.5844;41.93265;-1;1;Autovettura privata;In marcia / fermata / arresto;Conducente;M;Illeso;0;;Non accertato;Inesploso
2072970;5;29/05/2014 18:00;Strada Urbana;VIA TIBURTINA;all'intersezione semaforizzata con;VIA DEL CASALE DI S. BASILIO;VIA DEL CASALE DI S. BASILIO;;;Scontro frontale/laterale DX fra veicoli in marcia;Intersezione semaforizzata;Due carreggiate;Asciutto;Asfaltata;Verticale ed orizzontale;Sereno;Intenso;Buona;Ore Diurne;0;0;0;4;12.5844;41.93265;-1;1;Autovettura privata;In marcia / fermata / arresto;Passeggero;F;Illeso;0;;Non accertato;Inesploso
2072970;5;29/05/2014 18:00;Strada Urbana;VIA TIBURTINA;all'intersezione semaforizzata con;VIA DEL CASALE DI S. BASILIO;VIA DEL CASALE DI S. BASILIO;;;Scontro frontale/laterale DX fra veicoli in marcia;Intersezione semaforizzata;Due carreggiate;Asciutto;Asfaltata;Verticale ed orizzontale;Sereno;Intenso;Buona;Ore Diurne;0;0;0;4;12.5844;41.93265;-1;2;Autovettura privata;In marcia / fermata / arresto;Conducente;M;Illeso;0;;Non accertato;Inesploso
2072970;5;29/05/2014 18:00;Strada Urbana;VIA TIBURTINA;all'intersezione semaforizzata con;VIA DEL CASALE DI S. BASILIO;VIA DEL CASALE DI S. BASILIO;;;Scontro frontale/laterale DX fra veicoli in marcia;Intersezione semaforizzata;Due carreggiate;Asciutto;Asfaltata;Verticale ed orizzontale;Sereno;Intenso;Buona;Ore Diurne;0;0;0;4;12.5844;41.93265;-1;2;Autovettura privata;In marcia / fermata / arresto;Passeggero;F;Illeso;0;;Non accertato;Inesploso
2072974;5;29/05/2014 19:45;Strada Urbana;VIA PIETRO OTTOBONI;in prossimità;;del civico n.;16;;Investimento di pedone;Rettilineo;Una carreggiata a doppio senso;Asciutto;Asfaltata;Verticale ed orizzontale;Sereno;Normale;Buona;Ore Diurne;1;0;0;2;12.53964;41.90799;-1;;;;Pedone;F;Rimandato;0;NON DECEDUTO;;
2072974;5;29/05/2014 19:45;Strada Urbana;VIA PIETRO OTTOBONI;in prossimità;;del civico n.;16;;Investimento di pedone;Rettilineo;Una carreggiata a doppio senso;Asciutto;Asfaltata;Verticale ed orizzontale;Sereno;Normale;Buona;Ore Diurne;1;0;0;2;12.53964;41.90799;-1;1;Autovettura privata;In marcia / fermata / arresto;Conducente;F;Illeso;0;;Non accertato;
2072974;5;29/05/2014 19:45;Strada Urbana;VIA PIETRO OTTOBONI;in prossimità;;del civico n.;16;;Investimento di pedone;Rettilineo;Una carreggiata a doppio senso;Asciutto;Asfaltata;Verticale ed orizzontale;Sereno;Normale;Buona;Ore Diurne;1;0;0;2;12.53964;41.90799;-1;1;Autovettura privata;In marcia / fermata / arresto;Passeggero;F;Illeso;0;;Non accertato;
2072977;11;29/05/2014 08:50;Strada Urbana;LARGO BENEDETTO BOMPIANI;all'intersezione con;VIALE CARLO TOMMASO ODESCALCHI;VIALE CARLO TOMMASO ODESCALCHI;;;Scontro frontale/laterale DX fra veicoli in marcia;Incrocio;Una carreggiata a senso unico di marcia;Asciutto;Asfaltata;Verticale ed orizzontale;Sereno;Normale;Buona;Ore Diurne;0;0;0;2;12.50192;41.85909;-1;1;Autovettura privata;In marcia / fermata / arresto;Conducente;M;Illeso;0;;Non accertato;
2072977;11;29/05/2014 08:50;Strada Urbana;LARGO BENEDETTO BOMPIANI;all'intersezione con;VIALE CARLO TOMMASO ODESCALCHI;VIALE CARLO TOMMASO ODESCALCHI;;;Scontro frontale/laterale DX fra veicoli in marcia;Incrocio;Una carreggiata a senso unico di marcia;Asciutto;Asfaltata;Verticale ed orizzontale;Sereno;Normale;Buona;Ore Diurne;0;0;0;2;12.50192;41.85909;-1;2;Autovettura privata;In marcia / fermata / arresto;Conducente;F;Illeso;0;;Non accertato;
2072978;11;29/05/2014 09:45;Comunale extraurbana;VIA DI FIORANELLO;da specificare;;;;400 metr dopo Via Appia Antica direzione Ardeatina;Tamponamento;Curva senza visuale libera;Una carreggiata a doppio senso;Asciutto;Asfaltata;Verticale ed orizzontale;Nuvoloso;Normale;Buona;Ore Diurne;0;0;0;2;12.58452;41.79495;-1;1;Autovettura privata;In marcia / fermata / arresto;Conducente;M;Illeso;0;;Non accertato;
2072978;11;29/05/2014 09:45;Comunale extraurbana;VIA DI FIORANELLO;da specificare;;;;400 metr dopo Via Appia Antica direzione Ardeatina;Tamponamento;Curva senza visuale libera;Una carreggiata a doppio senso;Asciutto;Asfaltata;Verticale ed orizzontale;Nuvoloso;Normale;Buona;Ore Diurne;0;0;0;2;12.58452;41.79495;-1;2;Autovettura privata;In marcia / fermata / arresto;Conducente;M;Illeso;0;;Non accertato;
2072979;5;29/05/2014 23:30;Strada Urbana;VIA IGINO GIORDANI;all'intersezione semaforizzata con;VIA DI GROTTA DI GREGNA;VIA DI GROTTA DI GREGNA;;;Scontro frontale/laterale DX fra veicoli in marcia;Intersezione semaforizzata;Una carreggiata a doppio senso;Asciutto;Asfaltata;Verticale ed orizzontale;Sereno;Scarso;Sufficiente;Sufficiente;1;0;0;2;12.56509;41.90741;-1;1;Autovettura privata;In marcia / fermata / arresto;Conducente;F;Illeso;0;;Non accertato;Esploso
2072979;5;29/05/2014 23:30;Strada Urbana;VIA IGINO GIORDANI;all'intersezione semaforizzata con;VIA DI GROTTA DI GREGNA;VIA DI GROTTA DI GREGNA;;;Scontro frontale/laterale DX fra veicoli in marcia;Intersezione semaforizzata;Una carreggiata a doppio senso;Asciutto;Asfaltata;Verticale ed orizzontale;Sereno;Scarso;Sufficiente;Sufficiente;1;0;0;2;12.56509;41.90741;-1;1;Autovettura privata;In marcia / fermata / arresto;Passeggero;F;Illeso;0;;Non accertato;Inesploso
2072979;5;29/05/2014 23:30;Strada Urbana;VIA IGINO GIORDANI;all'intersezione semaforizzata con;VIA DI GROTTA DI GREGNA;VIA DI GROTTA DI GREGNA;;;Scontro frontale/laterale DX fra veicoli in marcia;Intersezione semaforizzata;Una carreggiata a doppio senso;Asciutto;Asfaltata;Verticale ed orizzontale;Sereno;Scarso;Sufficiente;Sufficiente;1;0;0;2;12.56509;41.90741;-1;2;Autovettura privata;In marcia / fermata / arresto;Conducente;M;Rimandato;0;NON DECEDUTO;Non accertato;Inesploso
2072980;13;29/05/2014 18:25;Strada Urbana;VIALE VASCO DE GAMA;all'intersezione con;VIALE CAPITAN CONSALVO;VIALE CAPITAN CONSALVO;;;Tamponamento;Intersezione semaforizzata;Due carreggiate;Asciutto;Asfaltata;Verticale ed orizzontale;Sereno;Intenso;Buona;Ore Diurne;0;0;0;2;12.274;41.73493;-1;1;Motociclo a solo;In marcia / fermata / arresto;Conducente;M;Illeso;0;;Non accertato;
2072980;13;29/05/2014 18:25;Strada Urbana;VIALE VASCO DE GAMA;all'intersezione con;VIALE CAPITAN CONSALVO;VIALE CAPITAN CONSALVO;;;Tamponamento;Intersezione semaforizzata;Due carreggiate;Asciutto;Asfaltata;Verticale ed orizzontale;Sereno;Intenso;Buona;Ore Diurne;0;0;0;2;12.274;41.73493;-1;2;Autovettura privata;In marcia / fermata / arresto;Conducente;F;Illeso;0;;Non accertato;Inesploso
2072985;5;29/05/2014 19:15;Strada Urbana;VIA RINALDO D'AQUINO;in prossimità;;del palo luce n.;128;;Tamponamento Multiplo;Rettilineo;Una carreggiata a senso unico di marcia;Asciutto;Asfaltata;Verticale;Sereno;Normale;Buona;Ore Diurne;1;0;0;3;12.61085;41.96467;-1;1;Autovettura privata;In marcia / fermata / arresto;Conducente;F;Illeso;0;;Non accertato;Inesploso
2072985;5;29/05/2014 19:15;Strada Urbana;VIA RINALDO D'AQUINO;in prossimità;;del palo luce n.;128;;Tamponamento Multiplo;Rettilineo;Una carreggiata a senso unico di marcia;Asciutto;Asfaltata;Verticale;Sereno;Normale;Buona;Ore Diurne;1;0;0;3;12.61085;41.96467;-1;2;Autovettura privata;In marcia / fermata / arresto;Conducente;M;Illeso;0;;Non accertato;Inesploso
2072985;5;29/05/2014 19:15;Strada Urbana;VIA RINALDO D'AQUINO;in prossimità;;del palo luce n.;128;;Tamponamento Multiplo;Rettilineo;Una carreggiata a senso unico di marcia;Asciutto;Asfaltata;Verticale;Sereno;Normale;Buona;Ore Diurne;1;0;0;3;12.61085;41.96467;-1;2;Autovettura privata;In marcia / fermata / arresto;Passeggero;F;Rimandato;0;NON DECEDUTO;Non accertato;Inesistente
2072985;5;29/05/2014 19:15;Strada Urbana;VIA RINALDO D'AQUINO;in prossimità;;del palo luce n.;128;;Tamponamento Multiplo;Rettilineo;Una carreggiata a senso unico di marcia;Asciutto;Asfaltata;Verticale;Sereno;Normale;Buona;Ore Diurne;1;0;0;3;12.61085;41.96467;-1;3;Autobus di linea;In marcia / fermata / arresto;Conducente;M;Illeso;0;;Non accertato;Inesploso
2072990;13;29/05/2014 09:20;Strada Urbana;LUNGOMARE PAOLO TOSCANELLI;da specificare;;;;pross. alt. Via Cesare Console;Scontro laterale fra veicoli in marcia;Rettilineo;Una carreggiata a senso unico di marcia;Asciutto;Asfaltata;Orizzontale;Sereno;Scarso;Buona;Ore Diurne;0;0;0;2;12.27399;41.73141;-1;1;Autovettura privata;In marcia / fermata / arresto;Conducente;F;Illeso;0;;Non accertato;Inesploso
2072990;13;29/05/2014 09:20;Strada Urbana;LUNGOMARE PAOLO TOSCANELLI;da specificare;;;;pross. alt. Via Cesare Console;Scontro laterale fra veicoli in marcia;Rettilineo;Una carreggiata a senso unico di marcia;Asciutto;Asfaltata;Orizzontale;Sereno;Scarso;Buona;Ore Diurne;0;0;0;2;12.27399;41.73141;-1;2;Autovettura privata;In marcia / fermata / arresto;Conducente;M;Illeso;0;;Non accertato;Inesploso
2072993;1;29/05/2014 17:25;Strada Urbana;PIAZZA DI PORTA CAPENA;all'intersezione semaforizzata con;VIA DI S. GREGORIO;VIA DI S. GREGORIO;;;Tamponamento Multiplo;Intersezione semaforizzata;Una carreggiata a doppio senso;Asciutto;Asfaltata;Verticale ed orizzontale;Sereno;Normale;Buona;Ore Diurne;0;0;0;3;12.49;41.88422;-1;1;Autovettura privata;In marcia / fermata / arresto;Conducente;F;Illeso;0;;Non accertato;Inesploso
2072993;1;29/05/2014 17:25;Strada Urbana;PIAZZA DI PORTA CAPENA;all'intersezione semaforizzata con;VIA DI S. GREGORIO;VIA DI S. GREGORIO;;;Tamponamento Multiplo;Intersezione semaforizzata;Una carreggiata a doppio senso;Asciutto;Asfaltata;Verticale ed orizzontale;Sereno;Normale;Buona;Ore Diurne;0;0;0;3;12.49;41.88422;-1;2;Motociclo a solo;In marcia / fermata / arresto;Conducente;M;Illeso;0;;Non accertato;
2072993;1;29/05/2014 17:25;Strada Urbana;PIAZZA DI PORTA CAPENA;all'intersezione semaforizzata con;VIA DI S. GREGORIO;VIA DI S. GREGORIO;;;Tamponamento Multiplo;Intersezione semaforizzata;Una carreggiata a doppio senso;Asciutto;Asfaltata;Verticale ed orizzontale;Sereno;Normale;Buona;Ore Diurne;0;0;0;3;12.49;41.88422;-1;3;Motociclo a solo;In marcia / fermata / arresto;Conducente;M;Illeso;0;;Non accertato;
2072997;5;29/05/2014 18:30;Strada Urbana;VIA TIBURTINA;in prossimità;;del civico n.;1210;;Tamponamento;Rettilineo;Una carreggiata a doppio senso;Asciutto;Asfaltata;Verticale ed orizzontale;Sereno;Normale;Buona;Ore Diurne;0;0;0;2;12.60242;41.93356;-1;1;Autocarro inferiore 35 q.;In marcia / fermata / arresto;Conducente;M;Illeso;0;;Non accertato;Inesistente
2072997;5;29/05/2014 18:30;Strada Urbana;VIA TIBURTINA;in prossimità;;del civico n.;1210;;Tamponamento;Rettilineo;Una carreggiata a doppio senso;Asciutto;Asfaltata;Verticale ed orizzontale;Sereno;Normale;Buona;Ore Diurne;0;0;0;2;12.60242;41.93356;-1;2;Autovettura privata;In marcia / fermata / arresto;Conducente;M;Illeso;0;;Non accertato;Inesploso
2073004;13;29/05/2014 10:10;Strada Urbana;VIA CAPO SOPRANO;in corrispondenza;;del civico n.;15;;Veicolo in marcia contro veicolo in sosta;Rettilineo;Una carreggiata a senso unico di marcia;Asciutto;Asfaltata;Assente;Sereno;Scarso;Buona;Ore Diurne;0;0;0;1;12.28697;41.73495;-1;2;Autovettura privata;In marcia / fermata / arresto;Conducente;M;Illeso;0;;Non accertato;Inesploso
2073013;4;29/05/2014 13:50;Provinciale;VIA SALARIA;in prossimità;;del civico n.;1388;;Tamponamento;Rettilineo;Due carreggiate;Asciutto;Asfaltata;Verticale ed orizzontale;Sereno;Normale;Buona;Ore Diurne;3;0;0;1;12.5183186;42.0019656;-1;1;Autovettura privata;In marcia / fermata / arresto;Conducente;M;Rimandato;0;NON DECEDUTO;Non accertato;
2073013;4;29/05/2014 13:50;Provinciale;VIA SALARIA;in prossimità;;del civico n.;1388;;Tamponamento;Rettilineo;Due carreggiate;Asciutto;Asfaltata;Verticale ed orizzontale;Sereno;Normale;Buona;Ore Diurne;3;0;0;1;12.5183186;42.0019656;-1;1;Autovettura privata;In marcia / fermata / arresto;Passeggero;M;Rimandato;0;NON DECEDUTO;Non accertato;
2073013;4;29/05/2014 13:50;Provinciale;VIA SALARIA;in prossimità;;del civico n.;1388;;Tamponamento;Rettilineo;Due carreggiate;Asciutto;Asfaltata;Verticale ed orizzontale;Sereno;Normale;Buona;Ore Diurne;3;0;0;1;12.5183186;42.0019656;-1;1;Autovettura privata;In marcia / fermata / arresto;Passeggero;M;Rimandato;0;NON DECEDUTO;Non accertato;
2073013;4;29/05/2014 13:50;Provinciale;VIA SALARIA;in prossimità;;del civico n.;1388;;Tamponamento;Rettilineo;Due carreggiate;Asciutto;Asfaltata;Verticale ed orizzontale;Sereno;Normale;Buona;Ore Diurne;3;0;0;1;12.5183186;42.0019656;-1;2;Autocarro inferiore 35 q.;In marcia / fermata / arresto;Conducente;M;Illeso;0;;Non accertato;
2073017;4;29/05/2014 19:00;Strada Urbana;VIA DI TOR S. GIOVANNI;all'intersezione con;VIA DELLA BUFALOTTA;VIA DELLA BUFALOTTA;;;Veicolo in marcia contro ostacolo accidentale;Intersezione stradale segnalata;Due carreggiate;Asciutto;Asfaltata;Verticale ed orizzontale;Sereno;Normale;Buona;Ore Diurne;0;0;0;2;12.56672;41.98369;-1;1;Autocarro inferiore 35 q.;In marcia / fermata / arresto;Conducente;M;Illeso;0;;Non accertato;
2073017;4;29/05/2014 19:00;Strada Urbana;VIA DI TOR S. GIOVANNI;all'intersezione con;VIA DELLA BUFALOTTA;VIA DELLA BUFALOTTA;;;Veicolo in marcia contro ostacolo accidentale;Intersezione stradale segnalata;Due carreggiate;Asciutto;Asfaltata;Verticale ed orizzontale;Sereno;Normale;Buona;Ore Diurne;0;0;0;2;12.56672;41.98369;-1;1;Autocarro inferiore 35 q.;In marcia / fermata / arresto;Passeggero;M;Illeso;0;;Non accertato;
2073020;4;29/05/2014 19:10;Strada Urbana;VIA VAL DI SANGRO;in prossimità;;del civico n.;130;;Veicolo in marcia contro veicolo arresto;Rettilineo;Una carreggiata a doppio senso;Asciutto;Asfaltata;Orizzontale;Sereno;Normale;Buona;Ore Diurne;0;0;0;2;12.5228;41.94539;-1;1;Autovettura privata;In marcia / fermata / arresto;Conducente;F;Illeso;0;;Non accertato;
2073020;4;29/05/2014 19:10;Strada Urbana;VIA VAL DI SANGRO;in prossimità;;del civico n.;130;;Veicolo in marcia contro veicolo arresto;Rettilineo;Una carreggiata a doppio senso;Asciutto;Asfaltata;Orizzontale;Sereno;Normale;Buona;Ore Diurne;0;0;0;2;12.5228;41.94539;-1;2;Autovettura privata;In marcia / fermata / arresto;Conducente;F;Illeso;0;;Non accertato;
2073023;4;29/05/2014 19:40;Statale entro l'abitato;VIA SALARIA;da specificare;;;;altezza rampa Settebagni;Scontro frontale fra veicoli in marcia;Rettilineo;Due carreggiate;Asciutto;Asfaltata;Verticale ed orizzontale;Sereno;Normale;Buona;Ore Diurne;4;0;0;0;12.52734;42.01439;-1;1;Autovettura privata;In marcia / fermata / arresto;Conducente;M;Rimandato;0;NON DECEDUTO;Non accertato;Esploso
2073023;4;29/05/2014 19:40;Statale entro l'abitato;VIA SALARIA;da specificare;;;;altezza rampa Settebagni;Scontro frontale fra veicoli in marcia;Rettilineo;Due carreggiate;Asciutto;Asfaltata;Verticale ed orizzontale;Sereno;Normale;Buona;Ore Diurne;4;0;0;0;12.52734;42.01439;-1;1;Autovettura privata;In marcia / fermata / arresto;Passeggero;F;Rimandato;0;NON DECEDUTO;Non accertato;Esploso
2073023;4;29/05/2014 19:40;Statale entro l'abitato;VIA SALARIA;da specificare;;;;altezza rampa Settebagni;Scontro frontale fra veicoli in marcia;Rettilineo;Due carreggiate;Asciutto;Asfaltata;Verticale ed orizzontale;Sereno;Normale;Buona;Ore Diurne;4;0;0;0;12.52734;42.01439;-1;2;Autovettura privata;In marcia / fermata / arresto;Conducente;F;Rimandato;0;NON DECEDUTO;Non accertato;Esploso
2073023;4;29/05/2014 19:40;Statale entro l'abitato;VIA SALARIA;da specificare;;;;altezza rampa Settebagni;Scontro frontale fra veicoli in marcia;Rettilineo;Due carreggiate;Asciutto;Asfaltata;Verticale ed orizzontale;Sereno;Normale;Buona;Ore Diurne;4;0;0;0;12.52734;42.01439;-1;3;Autovettura privata;In marcia / fermata / arresto;Conducente;M;Rimandato;0;NON DECEDUTO;Non accertato;Esploso
2073025;4;29/05/2014 19:40;Strada Urbana;VIALE VAL PADANA;in prossimità;;del civico n.;56;;Tamponamento;Rettilineo;Due carreggiate;Asciutto;Asfaltata;Orizzontale;Sereno;Scarso;Buona;Sufficiente;1;0;0;1;12.5242713;41.9423645;-1;1;Autovettura privata;In marcia / fermata / arresto;Conducente;M;Illeso;0;;Non accertato;
2073025;4;29/05/2014 19:40;Strada Urbana;VIALE VAL PADANA;in prossimità;;del civico n.;56;;Tamponamento;Rettilineo;Due carreggiate;Asciutto;Asfaltata;Orizzontale;Sereno;Scarso;Buona;Sufficiente;1;0;0;1;12.5242713;41.9423645;-1;2;Motociclo a solo;In marcia / fermata / arresto;Conducente;M;Rimandato;0;NON DECEDUTO;Utilizzato;
2073028;4;30/05/2014 02:30;Strada Urbana;VIA NOMENTANA;all'intersezione con;VIA JACOPO SANNAZZARO;VIA JACOPO SANNAZZARO;;;Scontro frontale/laterale SX fra veicoli in marcia;Intersezione stradale segnalata;Una carreggiata a doppio senso;Asciutto;Asfaltata;Verticale;Sereno;Scarso;Buona;Sufficiente;1;0;0;3;12.58026;41.95766;-1;1;Autovettura privata;In marcia / fermata / arresto;Conducente;F;Illeso;0;;Non accertato;
2073028;4;30/05/2014 02:30;Strada Urbana;VIA NOMENTANA;all'intersezione con;VIA JACOPO SANNAZZARO;VIA JACOPO SANNAZZARO;;;Scontro frontale/laterale SX fra veicoli in marcia;Intersezione stradale segnalata;Una carreggiata a doppio senso;Asciutto;Asfaltata;Verticale;Sereno;Scarso;Buona;Sufficiente;1;0;0;3;12.58026;41.95766;-1;1;Autovettura privata;In marcia / fermata / arresto;Passeggero;F;Illeso;0;;Non accertato;
2073028;4;30/05/2014 02:30;Strada Urbana;VIA NOMENTANA;all'intersezione con;VIA JACOPO SANNAZZARO;VIA JACOPO SANNAZZARO;;;Scontro frontale/laterale SX fra veicoli in marcia;Intersezione stradale segnalata;Una carreggiata a doppio senso;Asciutto;Asfaltata;Verticale;Sereno;Scarso;Buona;Sufficiente;1;0;0;3;12.58026;41.95766;-1;1;Autovettura privata;In marcia / fermata / arresto;Passeggero;F;Illeso;0;;Non accertato;
2073028;4;30/05/2014 02:30;Strada Urbana;VIA NOMENTANA;all'intersezione con;VIA JACOPO SANNAZZARO;VIA JACOPO SANNAZZARO;;;Scontro frontale/laterale SX fra veicoli in marcia;Intersezione stradale segnalata;Una carreggiata a doppio senso;Asciutto;Asfaltata;Verticale;Sereno;Scarso;Buona;Sufficiente;1;0;0;3;12.58026;41.95766;-1;2;Motociclo a solo;In marcia / fermata / arresto;Conducente;M;Rifiuta cure immediate;0;NON DECEDUTO;Non accertato;